DATE,TIME,SITE,DATA ID,Barometer (mmHg),pH,pH (mV),ORP (mV),Cond (µS/cm),Sp Cond (µS/cm),Sal (psu),nLFCond (µS/cm),TDS (mg/L),Temp (¡F),Sigma-T (s t),Sigma (s),ODO (% Sat),ODO (mg/L),ODO (% LocalB),Turbidty (FNU),TSS (mg/L)
10/27/17,9:39:48 AM,<None>,,752.8,6.05,53.9,171,38.7,52,0.02,53,34,52.8,-0.4,-0.4,94.7,10.31,95.6,0.4,0
10/27/17,9:40:18 AM,<None>,,752.8,6.04,54.5,172.6,38.7,52.1,0.02,53,34,52.8,-0.4,-0.4,94.7,10.31,95.6,0.28,0
10/27/17,9:40:48 AM,<None>,,752.8,6.03,54.8,173.6,38.7,52.1,0.02,53,34,52.8,-0.4,-0.4,94.7,10.31,95.6,0.3,0
10/27/17,9:41:18 AM,<None>,,752.9,6.03,54.7,174.1,38.7,52.1,0.02,53,34,52.8,-0.4,-0.4,94.7,10.31,95.6,0.34,0
10/27/17,9:41:48 AM,<None>,,752.9,6.04,54.3,174.3,38.7,52.1,0.02,53.1,34,52.8,-0.4,-0.4,94.7,10.31,95.6,0.3,0
10/27/17,9:42:18 AM,<None>,,752.9,6.04,54.1,174.6,38.7,52.1,0.02,53,34,52.8,-0.4,-0.4,94.7,10.31,95.6,0.28,0
10/27/17,9:42:48 AM,<None>,,752.9,6.05,53.9,175,38.7,52.1,0.02,53.1,34,52.8,-0.4,-0.4,94.7,10.31,95.6,0.32,0
10/27/17,9:43:18 AM,<None>,,752.9,6.04,54,175.6,38.8,52.2,0.02,53.1,34,52.8,-0.4,-0.4,94.7,10.31,95.6,0.26,0
10/27/17,9:43:48 AM,<None>,,752.9,6.04,54,176,38.8,52.2,0.02,53.1,34,52.8,-0.4,-0.4,94.7,10.31,95.6,0.33,0
10/27/17,9:44:18 AM,<None>,,752.9,6.05,53.8,176.4,38.8,52.2,0.02,53.1,34,52.8,-0.4,-0.4,94.7,10.31,95.6,0.38,0
10/27/17,9:44:48 AM,<None>,,753,6.05,53.8,176.8,38.8,52.2,0.02,53.1,34,52.8,-0.4,-0.4,94.7,10.31,95.6,0.29,0
10/27/17,9:45:18 AM,<None>,,753,6.05,53.6,177.1,38.8,52.2,0.02,53.1,34,52.8,-0.4,-0.4,94.7,10.31,95.6,0.43,0
10/27/17,9:45:48 AM,<None>,,753,6.05,53.6,177.6,38.8,52.2,0.02,53.1,34,52.8,-0.4,-0.4,94.7,10.31,95.6,0.34,0
10/27/17,9:46:18 AM,<None>,,752.9,6.05,53.6,178,38.8,52.2,0.02,53.2,34,52.8,-0.4,-0.4,94.7,10.31,95.6,0.27,0
10/27/17,9:46:48 AM,<None>,,753,6.05,53.6,178.4,38.8,52.2,0.02,53.1,34,52.8,-0.4,-0.4,94.7,10.32,95.6,0.31,0
10/27/17,9:47:18 AM,<None>,,753,6.05,53.6,178.8,38.8,52.2,0.02,53.1,34,52.8,-0.4,-0.4,94.7,10.32,95.6,0.43,0
10/27/17,9:47:48 AM,<None>,,753.1,6.05,53.5,179.1,38.8,52.2,0.02,53.1,34,52.8,-0.4,-0.4,94.7,10.31,95.6,0.34,0
10/27/17,9:48:18 AM,<None>,,753,6.05,53.6,179.5,38.8,52.2,0.02,53.2,34,52.8,-0.4,-0.4,94.7,10.32,95.6,0.34,0
10/27/17,9:48:48 AM,<None>,,752.9,6.05,53.4,179.7,38.8,52.2,0.02,53.1,34,52.8,-0.4,-0.4,94.7,10.32,95.6,0.3,0
10/27/17,9:49:18 AM,<None>,,753,6.05,53.4,180.2,38.8,52.3,0.02,53.2,34,52.8,-0.4,-0.4,94.7,10.32,95.6,0.32,0
10/27/17,9:49:48 AM,<None>,,753.1,6.06,53.3,180.4,38.9,52.3,0.02,53.2,34,52.8,-0.4,-0.4,94.8,10.32,95.6,0.35,0
10/27/17,9:50:18 AM,<None>,,753,6.05,53.5,180.9,38.8,52.3,0.02,53.2,34,52.8,-0.4,-0.4,94.8,10.32,95.6,0.34,0
10/27/17,9:50:48 AM,<None>,,753.1,6.06,53.3,181.1,38.8,52.3,0.02,53.2,34,52.8,-0.4,-0.4,94.7,10.32,95.6,0.38,0
10/27/17,9:51:18 AM,<None>,,753.1,6.06,53.3,181.4,38.8,52.3,0.02,53.2,34,52.8,-0.4,-0.4,94.8,10.32,95.6,0.33,0
10/27/17,9:51:48 AM,<None>,,753,6.06,53.2,181.6,38.8,52.3,0.02,53.2,34,52.8,-0.4,-0.4,94.7,10.32,95.6,0.34,0
10/27/17,9:52:18 AM,<None>,,753,6.06,53.3,182.1,38.8,52.3,0.02,53.2,34,52.8,-0.4,-0.4,94.8,10.32,95.7,0.29,0
10/27/17,9:52:48 AM,<None>,,753,6.06,53.3,182.4,38.8,52.2,0.02,53.2,34,52.8,-0.4,-0.4,94.8,10.32,95.6,0.37,0
10/27/17,9:53:18 AM,<None>,,753,6.05,53.4,182.7,38.8,52.2,0.02,53.2,34,52.8,-0.4,-0.4,94.8,10.32,95.7,0.37,0
10/27/17,9:53:48 AM,<None>,,753,6.06,53.3,183,38.8,52.3,0.02,53.2,34,52.8,-0.4,-0.4,94.8,10.32,95.7,0.32,0
10/27/17,9:54:18 AM,<None>,,753,6.05,53.4,183.4,38.8,52.2,0.02,53.2,34,52.8,-0.4,-0.4,94.8,10.32,95.7,0.4,0
10/27/17,9:54:48 AM,<None>,,753.1,6.05,53.5,183.7,38.8,52.2,0.02,53.1,34,52.8,-0.4,-0.4,94.8,10.32,95.7,0.29,0
10/27/17,9:55:18 AM,<None>,,753.1,6.05,53.5,183.9,38.8,52.2,0.02,53.2,34,52.8,-0.4,-0.4,94.8,10.32,95.7,0.26,0
10/27/17,9:55:48 AM,<None>,,753.1,6.06,53.4,184.1,38.8,52.3,0.02,53.2,34,52.8,-0.4,-0.4,94.8,10.32,95.7,0.33,0
10/27/17,9:56:18 AM,<None>,,753.1,6.06,53.3,184.3,38.8,52.3,0.02,53.2,34,52.8,-0.4,-0.4,94.8,10.32,95.7,0.27,0
10/27/17,9:56:48 AM,<None>,,753.1,6.05,53.4,184.7,38.8,52.2,0.02,53.1,34,52.8,-0.4,-0.4,94.8,10.32,95.7,0.27,0
10/27/17,9:57:18 AM,<None>,,753.2,6.05,53.5,185,38.8,52.2,0.02,53.1,34,52.8,-0.4,-0.4,94.8,10.32,95.6,0.43,0
10/27/17,9:57:48 AM,<None>,,753.2,6.05,53.4,185.2,38.8,52.2,0.02,53.1,34,52.8,-0.4,-0.4,94.8,10.32,95.6,0.36,0
10/27/17,9:58:18 AM,<None>,,753.2,6.05,53.5,185.5,38.8,52.2,0.02,53.1,34,52.8,-0.4,-0.4,94.8,10.32,95.6,0.34,0
10/27/17,9:58:48 AM,<None>,,753.2,6.05,53.5,185.8,38.8,52.2,0.02,53.1,34,52.8,-0.4,-0.4,94.8,10.32,95.6,0.29,0
10/27/17,9:59:18 AM,<None>,,753.2,6.05,53.6,186.1,38.8,52.2,0.02,53.1,34,52.8,-0.4,-0.4,94.8,10.33,95.7,0.27,0
10/27/17,9:59:48 AM,<None>,,753.2,6.05,53.6,186.3,38.8,52.2,0.02,53.1,34,52.8,-0.4,-0.4,94.8,10.32,95.6,0.31,0
10/27/17,10:00:18 AM,<None>,,753.2,6.05,53.7,186.6,38.8,52.2,0.02,53.1,34,52.8,-0.4,-0.4,94.8,10.33,95.7,0.29,0
10/27/17,10:00:48 AM,<None>,,753.3,6.05,53.7,186.9,38.8,52.2,0.02,53.1,34,52.8,-0.4,-0.4,94.8,10.33,95.7,0.45,0
10/27/17,10:01:18 AM,<None>,,753.2,6.05,53.7,187,38.8,52.2,0.02,53.1,34,52.8,-0.4,-0.4,94.8,10.33,95.7,0.34,0
10/27/17,10:01:48 AM,<None>,,753.2,6.05,53.6,187.3,38.8,52.2,0.02,53.1,34,52.8,-0.4,-0.4,94.8,10.33,95.7,0.32,0
10/27/17,10:02:18 AM,<None>,,753.2,6.05,53.7,187.6,38.8,52.2,0.02,53.1,34,52.8,-0.4,-0.4,94.8,10.33,95.7,0.3,0
10/27/17,10:02:48 AM,<None>,,753.2,6.05,53.7,187.7,38.8,52.2,0.02,53.1,34,52.8,-0.4,-0.4,94.8,10.33,95.7,0.28,0
10/27/17,10:03:18 AM,<None>,,753.2,6.05,53.7,188,38.8,52.2,0.02,53.1,34,52.8,-0.4,-0.4,94.8,10.33,95.7,0.34,0
10/27/17,10:03:48 AM,<None>,,753.2,6.05,53.7,188.2,38.8,52.2,0.02,53.1,34,52.8,-0.4,-0.4,94.8,10.33,95.7,0.29,0
10/27/17,10:04:18 AM,<None>,,753.3,6.05,53.8,188.5,38.7,52.2,0.02,53.1,34,52.8,-0.4,-0.4,94.8,10.33,95.7,0.3,0
10/27/17,10:04:48 AM,<None>,,753.2,6.05,53.9,188.7,38.7,52.1,0.02,53.1,34,52.8,-0.4,-0.4,94.8,10.32,95.7,0.31,0
10/27/17,10:05:18 AM,<None>,,753.2,6.05,53.9,188.9,38.7,52.1,0.02,53,34,52.8,-0.4,-0.4,94.8,10.33,95.7,0.28,0
10/27/17,10:05:48 AM,<None>,,753.2,6.05,53.9,189.1,38.7,52.1,0.02,53,34,52.8,-0.4,-0.4,94.8,10.33,95.7,0.3,0
10/27/17,10:06:18 AM,<None>,,753.2,6.04,54,189.3,38.7,52.1,0.02,53,34,52.8,-0.4,-0.4,94.8,10.33,95.7,0.27,0
10/27/17,10:06:48 AM,<None>,,753.3,6.05,53.9,189.5,38.7,52.1,0.02,53,34,52.8,-0.4,-0.4,94.8,10.33,95.7,0.35,0
10/27/17,10:07:18 AM,<None>,,753.2,6.04,54,189.7,38.7,52.1,0.02,53,34,52.8,-0.4,-0.4,94.8,10.33,95.7,0.28,0
10/27/17,10:07:48 AM,<None>,,753.2,6.05,53.9,189.9,38.7,52.1,0.02,53,34,52.8,-0.4,-0.4,94.8,10.33,95.7,0.27,0
10/27/17,10:08:18 AM,<None>,,753.3,6.05,53.8,190,38.7,52.1,0.02,53,34,52.8,-0.4,-0.4,94.8,10.33,95.7,0.27,0
10/27/17,10:08:48 AM,<None>,,753.3,6.05,53.8,190.1,38.7,52.1,0.02,53,34,52.8,-0.4,-0.4,94.8,10.33,95.7,0.32,0
10/27/17,10:09:18 AM,<None>,,753.3,6.05,53.8,190.2,38.7,52.1,0.02,53,34,52.8,-0.4,-0.4,94.8,10.33,95.7,0.28,0
10/27/17,10:09:48 AM,<None>,,753.3,6.05,53.7,190.3,38.7,52.1,0.02,53,34,52.8,-0.4,-0.4,94.9,10.33,95.7,0.31,0
10/27/17,10:10:18 AM,<None>,,753.3,6.05,53.7,190.5,38.7,52.1,0.02,53,34,52.8,-0.4,-0.4,94.9,10.33,95.7,0.32,0
10/27/17,10:10:48 AM,<None>,,753.2,6.05,53.6,190.6,38.7,52.1,0.02,53,34,52.8,-0.4,-0.4,94.9,10.33,95.7,0.4,0
10/27/17,10:11:18 AM,<None>,,753.2,6.05,53.6,190.7,38.7,52.1,0.02,53,34,52.8,-0.4,-0.4,94.9,10.33,95.7,0.33,0
10/27/17,10:11:48 AM,<None>,,753.2,6.05,53.6,190.9,38.7,52.1,0.02,53,34,52.8,-0.4,-0.4,94.9,10.33,95.7,0.31,0
10/27/17,10:12:18 AM,<None>,,753.2,6.05,53.7,191.1,38.7,52,0.02,53,34,52.8,-0.4,-0.4,94.9,10.33,95.7,0.29,0
10/27/17,10:12:48 AM,<None>,,753.3,6.05,53.7,191.2,38.7,52,0.02,52.9,34,52.8,-0.4,-0.4,94.9,10.33,95.7,0.39,0
10/27/17,10:13:18 AM,<None>,,753.3,6.05,53.7,191.4,38.7,52,0.02,52.9,34,52.8,-0.4,-0.4,94.9,10.33,95.7,0.25,0
10/27/17,10:13:48 AM,<None>,,753.3,6.05,53.6,191.5,38.7,52,0.02,52.9,34,52.8,-0.4,-0.4,94.9,10.33,95.7,0.32,0
10/27/17,10:14:18 AM,<None>,,753.4,6.05,53.6,191.6,38.7,52,0.02,52.9,34,52.8,-0.4,-0.4,94.9,10.33,95.7,0.33,0
10/27/17,10:14:48 AM,<None>,,753.3,6.05,53.5,191.7,38.7,52,0.02,52.9,34,52.8,-0.4,-0.4,94.9,10.33,95.7,0.24,0
10/27/17,10:15:18 AM,<None>,,753.3,6.05,53.4,191.8,38.7,52,0.02,52.9,34,52.8,-0.4,-0.4,94.9,10.33,95.7,0.22,0
10/27/17,10:15:48 AM,<None>,,753.2,6.06,53.3,191.9,38.7,52,0.02,52.9,34,52.8,-0.4,-0.4,94.9,10.33,95.7,0.27,0
10/27/17,10:16:18 AM,<None>,,753.4,6.06,53.3,191.9,38.7,52,0.02,52.9,34,52.8,-0.4,-0.4,94.9,10.33,95.7,0.3,0
10/27/17,10:16:48 AM,<None>,,753.3,6.06,53.3,191.9,38.7,52,0.02,52.9,34,52.8,-0.4,-0.4,94.9,10.33,95.7,0.34,0
10/27/17,10:17:18 AM,<None>,,753.4,6.06,53.2,191.9,38.7,52,0.02,52.9,34,52.8,-0.4,-0.4,94.9,10.33,95.7,0.35,0
10/27/17,10:17:48 AM,<None>,,753.4,6.06,53.1,192,38.7,52,0.02,52.9,34,52.8,-0.4,-0.4,94.9,10.33,95.7,0.26,0
10/27/17,10:18:18 AM,<None>,,753.3,6.06,53.1,192,38.7,52,0.02,52.9,34,52.8,-0.4,-0.4,94.9,10.33,95.7,0.3,0
10/27/17,10:18:48 AM,<None>,,753.2,6.06,53,192.1,38.7,52,0.02,52.9,34,52.8,-0.4,-0.4,94.9,10.33,95.7,0.29,0
10/27/17,10:19:18 AM,<None>,,753.3,6.06,52.9,192.1,38.6,52,0.02,52.9,34,52.8,-0.4,-0.4,94.9,10.33,95.8,0.29,0
10/27/17,10:19:48 AM,<None>,,753.5,6.07,52.7,192.1,38.6,52,0.02,52.9,34,52.8,-0.4,-0.4,94.9,10.33,95.7,0.27,0
10/27/17,10:20:18 AM,<None>,,753.2,6.07,52.7,192.1,38.6,52,0.02,52.9,34,52.8,-0.4,-0.4,94.9,10.33,95.8,0.26,0
10/27/17,10:20:48 AM,<None>,,753.3,6.07,52.6,192.2,38.6,52,0.02,52.9,34,52.8,-0.4,-0.4,94.9,10.33,95.7,0.31,0
10/27/17,10:21:18 AM,<None>,,753.3,6.07,52.6,192.2,38.6,52,0.02,52.9,34,52.8,-0.4,-0.4,94.9,10.33,95.8,0.38,0
10/27/17,10:21:48 AM,<None>,,753.3,6.07,52.5,192.2,38.6,52,0.02,52.9,34,52.8,-0.4,-0.4,94.9,10.33,95.7,0.27,0
10/27/17,10:22:18 AM,<None>,,753.3,6.07,52.4,192.2,38.6,52,0.02,52.9,34,52.8,-0.4,-0.4,94.9,10.33,95.7,0.24,0
10/27/17,10:22:48 AM,<None>,,753.2,6.08,52.2,192.2,38.6,52,0.02,52.9,34,52.8,-0.4,-0.4,94.9,10.33,95.7,0.25,0
10/27/17,10:23:18 AM,<None>,,753.3,6.08,52.1,192.2,38.6,52,0.02,52.9,34,52.8,-0.4,-0.4,94.9,10.33,95.8,0.31,0
10/27/17,10:23:48 AM,<None>,,753.4,6.08,52.2,192.3,38.6,52,0.02,52.9,34,52.8,-0.4,-0.4,94.9,10.33,95.7,0.28,0
10/27/17,10:24:18 AM,<None>,,753.3,6.08,52.1,192.3,38.6,52,0.02,52.9,34,52.8,-0.4,-0.4,94.9,10.33,95.8,0.32,0
10/27/17,10:24:48 AM,<None>,,753.2,6.08,52,192.3,38.6,51.9,0.02,52.9,34,52.8,-0.4,-0.4,94.9,10.33,95.8,0.31,0
10/27/17,10:25:18 AM,<None>,,753.3,6.08,51.9,192.2,38.6,51.9,0.02,52.9,34,52.8,-0.4,-0.4,94.9,10.33,95.8,0.25,0
10/27/17,10:25:48 AM,<None>,,753.2,6.08,51.8,192.2,38.6,51.9,0.02,52.8,34,52.8,-0.4,-0.4,94.9,10.33,95.8,0.31,0
10/27/17,10:26:18 AM,<None>,,753.2,6.08,51.7,192.2,38.6,51.9,0.02,52.8,34,52.8,-0.4,-0.4,94.9,10.33,95.7,0.29,0
10/27/17,10:26:48 AM,<None>,,753.3,6.09,51.7,192.2,38.6,51.9,0.02,52.8,34,52.8,-0.4,-0.4,94.9,10.33,95.8,0.33,0
10/27/17,10:27:18 AM,<None>,,753.3,6.09,51.5,192.2,38.6,51.9,0.02,52.8,34,52.8,-0.4,-0.4,94.9,10.33,95.7,0.25,0
10/27/17,10:27:48 AM,<None>,,753.4,6.09,51.5,192.3,38.6,51.9,0.02,52.8,34,52.8,-0.4,-0.4,94.9,10.33,95.7,0.26,0
10/27/17,10:28:18 AM,<None>,,753.4,6.09,51.5,192.3,38.6,51.9,0.02,52.8,34,52.8,-0.4,-0.4,94.9,10.33,95.8,0.3,0
10/27/17,10:28:48 AM,<None>,,753.3,6.09,51.5,192.4,38.6,51.9,0.02,52.8,34,52.8,-0.4,-0.4,94.9,10.33,95.8,0.34,0
10/27/17,10:29:18 AM,<None>,,753.3,6.09,51.4,192.4,38.6,51.9,0.02,52.8,34,52.8,-0.4,-0.4,94.9,10.33,95.8,0.33,0
10/27/17,10:29:48 AM,<None>,,753.3,6.09,51.3,192.4,38.6,51.9,0.02,52.8,34,52.8,-0.4,-0.4,94.9,10.33,95.8,0.29,0
10/27/17,10:30:18 AM,<None>,,753.3,6.09,51.3,192.5,38.6,51.9,0.02,52.8,34,52.8,-0.4,-0.4,94.9,10.33,95.8,0.24,0
10/27/17,10:30:48 AM,<None>,,753.5,6.09,51.2,192.5,38.6,51.9,0.02,52.8,34,52.8,-0.4,-0.4,94.9,10.33,95.7,0.4,0
10/27/17,10:31:18 AM,<None>,,753.4,6.1,51.1,192.4,38.6,51.9,0.02,52.8,34,52.8,-0.4,-0.4,94.9,10.33,95.8,0.26,0
10/27/17,10:31:48 AM,<None>,,753.5,6.1,50.9,192.3,38.6,51.9,0.02,52.8,34,52.8,-0.4,-0.4,94.9,10.33,95.7,0.27,0
10/27/17,10:32:18 AM,<None>,,753.5,6.1,50.8,192.3,38.6,51.9,0.02,52.8,34,52.8,-0.4,-0.4,94.9,10.33,95.7,0.3,0
10/27/17,10:32:48 AM,<None>,,753.5,6.1,50.7,192.2,38.6,51.9,0.02,52.8,34,52.8,-0.4,-0.4,94.9,10.33,95.7,0.26,0
10/27/17,10:33:18 AM,<None>,,753.4,6.1,50.6,192.3,38.6,51.9,0.02,52.8,34,52.8,-0.4,-0.4,94.9,10.34,95.8,0.28,0
10/27/17,10:33:48 AM,<None>,,753.4,6.1,50.6,192.2,38.6,51.9,0.02,52.8,34,52.8,-0.4,-0.4,94.9,10.33,95.8,0.34,0
10/27/17,10:34:18 AM,<None>,,753.4,6.11,50.5,192.3,38.6,51.9,0.02,52.8,34,52.8,-0.4,-0.4,95,10.34,95.8,0.37,0
10/27/17,10:34:48 AM,<None>,,753.4,6.11,50.4,192.2,38.5,51.8,0.02,52.8,34,52.8,-0.4,-0.4,94.9,10.33,95.8,0.32,0
10/27/17,10:35:18 AM,<None>,,753.5,6.11,50.4,192.3,38.5,51.8,0.02,52.8,34,52.8,-0.4,-0.4,94.9,10.33,95.8,0.33,0
10/27/17,10:35:48 AM,<None>,,753.4,6.11,50.1,192.1,38.6,51.9,0.02,52.8,34,52.8,-0.4,-0.4,94.9,10.33,95.8,0.28,0
10/27/17,10:36:18 AM,<None>,,753.3,6.11,50.1,192,38.6,51.9,0.02,52.8,34,52.8,-0.4,-0.4,94.9,10.33,95.8,0.3,0
10/27/17,10:36:48 AM,<None>,,753.3,6.12,49.9,192,38.6,51.9,0.02,52.8,34,52.8,-0.4,-0.4,94.9,10.33,95.8,0.4,0
10/27/17,10:37:18 AM,<None>,,753.4,6.12,49.8,191.9,38.7,52,0.02,52.9,34,52.8,-0.4,-0.4,94.9,10.33,95.8,0.42,0
10/27/17,10:37:48 AM,<None>,,753.4,6.12,49.6,191.9,38.7,52.1,0.02,53,34,52.8,-0.4,-0.4,94.9,10.33,95.8,0.29,0
10/27/17,10:38:18 AM,<None>,,753.3,6.12,49.6,191.9,38.9,52.3,0.02,53.2,34,52.8,-0.4,-0.4,95,10.33,95.8,0.25,0
10/27/17,10:38:48 AM,<None>,,753.3,6.12,49.5,191.9,39,52.5,0.02,53.4,34,52.8,-0.4,-0.4,94.9,10.33,95.8,0.32,0
10/27/17,10:39:18 AM,<None>,,753.3,6.13,49.3,191.8,39.3,52.8,0.02,53.7,34,52.8,-0.4,-0.4,94.9,10.33,95.8,0.35,0
10/27/17,10:39:48 AM,<None>,,753.3,6.13,49.2,191.8,39.5,53.2,0.02,54.1,35,52.8,-0.4,-0.4,95,10.33,95.8,0.34,0
10/27/17,10:40:18 AM,<None>,,753.4,6.13,49.2,191.9,39.9,53.6,0.02,54.5,35,52.8,-0.4,-0.4,94.9,10.33,95.8,0.24,0
10/27/17,10:40:48 AM,<None>,,753.3,6.13,49.1,191.8,40.2,54,0.02,55,35,52.8,-0.4,-0.4,95,10.34,95.8,0.28,0
10/27/17,10:41:18 AM,<None>,,753.3,6.13,49,191.8,40.5,54.5,0.02,55.4,35,52.8,-0.4,-0.4,95,10.33,95.8,0.33,0
10/27/17,10:41:48 AM,<None>,,753.3,6.13,49,191.8,40.8,54.9,0.02,55.9,36,52.8,-0.4,-0.4,95,10.33,95.8,0.35,0
10/27/17,10:42:18 AM,<None>,,753.5,6.13,48.9,191.8,41.2,55.4,0.03,56.4,36,52.8,-0.4,-0.4,95,10.33,95.8,0.29,0
10/27/17,10:42:48 AM,<None>,,753.3,6.14,48.7,191.7,41.5,55.9,0.03,56.8,36,52.8,-0.4,-0.4,95,10.33,95.8,0.31,0
10/27/17,10:43:18 AM,<None>,,753.4,6.14,48.6,191.6,41.9,56.4,0.03,57.3,37,52.8,-0.4,-0.4,95,10.33,95.8,0.35,0
10/27/17,10:43:48 AM,<None>,,753.3,6.14,48.6,191.7,42.3,56.8,0.03,57.8,37,52.8,-0.4,-0.4,95,10.33,95.8,0.32,0
10/27/17,10:44:18 AM,<None>,,753.5,6.14,48.4,191.6,42.6,57.3,0.03,58.3,37,52.8,-0.4,-0.4,95,10.33,95.8,0.26,0
10/27/17,10:44:48 AM,<None>,,753.3,6.14,48.3,191.5,43,57.8,0.03,58.8,38,52.8,-0.4,-0.4,95,10.33,95.8,0.25,0
10/27/17,10:45:18 AM,<None>,,753.4,6.15,48.1,191.4,43.3,58.3,0.03,59.3,38,52.8,-0.4,-0.4,95,10.33,95.8,0.31,0
10/27/17,10:45:48 AM,<None>,,753.4,6.15,47.9,191.2,43.7,58.7,0.03,59.8,38,52.8,-0.4,-0.4,95,10.33,95.8,0.3,0
10/27/17,10:46:18 AM,<None>,,753.3,6.16,47.7,191,44,59.1,0.03,60.2,38,52.8,-0.4,-0.4,95,10.33,95.8,0.25,0
10/27/17,10:46:48 AM,<None>,,753.4,6.15,47.8,191.2,44.3,59.5,0.03,60.5,39,52.8,-0.4,-0.4,95,10.33,95.8,0.26,0
10/27/17,10:47:18 AM,<None>,,753.4,6.15,47.9,191.3,44.5,59.8,0.03,60.8,39,52.8,-0.4,-0.4,95,10.33,95.8,0.3,0
10/27/17,10:47:48 AM,<None>,,753.5,6.16,47.6,191.1,44.7,60.1,0.03,61.2,39,52.8,-0.4,-0.4,95,10.33,95.8,0.28,0
10/27/17,10:48:18 AM,<None>,,753.5,6.16,47.6,191.2,44.9,60.4,0.03,61.4,39,52.8,-0.4,-0.4,95,10.33,95.8,0.28,0
10/27/17,10:48:48 AM,<None>,,753.5,6.16,47.6,191.2,45.1,60.7,0.03,61.7,39,52.8,-0.4,-0.4,95,10.33,95.8,0.29,0
10/27/17,10:49:18 AM,<None>,,753.4,6.16,47.5,191.2,45.2,60.8,0.03,61.9,40,52.8,-0.4,-0.4,95,10.33,95.8,0.29,0
10/27/17,10:49:48 AM,<None>,,753.5,6.16,47.5,191.2,45.4,61,0.03,62.1,40,52.8,-0.4,-0.4,95,10.33,95.8,0.32,0
10/27/17,10:50:18 AM,<None>,,753.5,6.16,47.5,191.3,45.5,61.1,0.03,62.2,40,52.8,-0.4,-0.4,95,10.33,95.8,0.34,0
10/27/17,10:50:48 AM,<None>,,753.4,6.16,47.3,191.1,45.6,61.3,0.03,62.3,40,52.8,-0.4,-0.4,95,10.33,95.8,0.28,0
10/27/17,10:51:18 AM,<None>,,753.5,6.17,47.1,190.9,45.7,61.4,0.03,62.5,40,52.8,-0.4,-0.4,95,10.33,95.8,0.24,0
10/27/17,10:51:48 AM,<None>,,753.5,6.17,47,190.9,45.7,61.5,0.03,62.6,40,52.8,-0.4,-0.4,95,10.33,95.8,0.23,0
10/27/17,10:52:18 AM,<None>,,753.5,6.17,47,190.9,45.8,61.6,0.03,62.6,40,52.9,-0.4,-0.4,95,10.33,95.8,0.26,0
10/27/17,10:52:48 AM,<None>,,753.5,6.18,46.4,190.5,45.8,61.6,0.03,62.7,40,52.9,-0.4,-0.4,95,10.33,95.8,0.31,0
10/27/17,10:53:18 AM,<None>,,753.5,6.18,46.3,190.4,45.9,61.7,0.03,62.8,40,52.9,-0.4,-0.4,95,10.33,95.8,0.27,0
10/27/17,10:53:48 AM,<None>,,753.5,6.18,46.5,190.6,45.9,61.7,0.03,62.8,40,52.9,-0.4,-0.4,95,10.33,95.8,0.26,0
10/27/17,10:54:18 AM,<None>,,753.5,6.18,46.6,190.7,46,61.8,0.03,62.9,40,52.9,-0.4,-0.4,95,10.33,95.8,0.3,0
10/27/17,10:54:48 AM,<None>,,753.5,6.18,46.4,190.6,46,61.8,0.03,62.9,40,52.9,-0.4,-0.4,95,10.33,95.8,0.37,0
10/27/17,10:55:18 AM,<None>,,753.5,6.18,46.3,190.6,46,61.9,0.03,62.9,40,52.9,-0.4,-0.4,95,10.33,95.8,0.31,0
10/27/17,10:55:48 AM,<None>,,753.5,6.18,46.4,190.8,46,61.9,0.03,63,40,52.9,-0.4,-0.4,95,10.33,95.8,0.37,0
10/27/17,10:56:18 AM,<None>,,753.5,6.18,46.2,190.6,46.1,61.9,0.03,63,40,52.9,-0.4,-0.4,95,10.33,95.8,0.26,0
10/27/17,10:56:48 AM,<None>,,753.5,6.18,46.2,190.5,46.1,62,0.03,63.1,40,52.9,-0.4,-0.4,95,10.33,95.8,0.34,0
10/27/17,10:57:18 AM,<None>,,753.6,6.18,46.2,190.5,46.1,62,0.03,63.1,40,52.9,-0.4,-0.4,95,10.33,95.8,0.35,0
10/27/17,10:57:48 AM,<None>,,753.5,6.18,46.3,190.6,46.2,62,0.03,63.1,40,52.9,-0.4,-0.4,95,10.33,95.8,0.31,0
10/27/17,10:58:18 AM,<None>,,753.5,6.18,46.2,190.6,46.2,62.1,0.03,63.2,40,52.9,-0.4,-0.4,95,10.33,95.8,0.32,0
10/27/17,10:58:48 AM,<None>,,753.4,6.19,46,190.5,46.2,62.1,0.03,63.2,40,52.9,-0.4,-0.4,95,10.33,95.8,0.29,0
10/27/17,10:59:18 AM,<None>,,753.5,6.19,45.9,190.5,46.2,62.1,0.03,63.2,40,52.9,-0.4,-0.4,95,10.33,95.8,0.32,0
10/27/17,10:59:48 AM,<None>,,753.5,6.19,45.7,190.3,46.2,62.1,0.03,63.2,40,52.9,-0.4,-0.4,95,10.33,95.8,0.28,0
10/27/17,11:00:18 AM,<None>,,753.5,6.2,45.4,190.1,46.2,62.1,0.03,63.2,40,52.9,-0.4,-0.4,95,10.33,95.8,0.3,0
10/27/17,11:00:48 AM,<None>,,753.5,6.2,45.4,190.1,46.3,62.2,0.03,63.3,40,52.9,-0.4,-0.4,95,10.33,95.8,0.22,0
10/27/17,11:01:18 AM,<None>,,753.5,6.2,45.4,190.2,46.3,62.2,0.03,63.3,40,52.9,-0.4,-0.4,95,10.33,95.8,0.35,0
10/27/17,11:01:48 AM,<None>,,753.5,6.2,45.4,190.2,46.3,62.2,0.03,63.3,40,52.9,-0.4,-0.4,95,10.33,95.8,0.32,0
10/27/17,11:02:18 AM,<None>,,753.5,6.2,45.2,190.1,46.3,62.2,0.03,63.3,40,52.9,-0.4,-0.4,95,10.33,95.8,0.33,0
10/27/17,11:02:48 AM,<None>,,753.6,6.2,45.3,190.3,46.3,62.3,0.03,63.3,40,52.9,-0.4,-0.4,95,10.33,95.8,0.3,0
10/27/17,11:03:18 AM,<None>,,753.5,6.2,45.2,190.2,46.3,62.3,0.03,63.4,40,52.9,-0.4,-0.4,95,10.33,95.8,0.34,0
10/27/17,11:03:48 AM,<None>,,753.5,6.2,45.1,190.2,46.4,62.3,0.03,63.4,40,52.9,-0.4,-0.4,95,10.33,95.8,0.26,0
10/27/17,11:04:18 AM,<None>,,753.6,6.2,45.1,190.2,46.4,62.3,0.03,63.4,40,52.9,-0.4,-0.4,95,10.33,95.8,0.26,0
10/27/17,11:04:48 AM,<None>,,753.7,6.2,45,190.1,46.4,62.3,0.03,63.4,41,52.9,-0.4,-0.4,95,10.33,95.8,0.28,0
10/27/17,11:05:18 AM,<None>,,753.5,6.21,44.8,190,46.4,62.4,0.03,63.4,41,52.9,-0.4,-0.4,95,10.33,95.9,0.36,0
10/27/17,11:05:48 AM,<None>,,753.6,6.21,44.8,189.9,46.4,62.4,0.03,63.4,41,52.9,-0.4,-0.4,95,10.33,95.8,0.28,0
10/27/17,11:06:18 AM,<None>,,753.6,6.21,44.8,190,46.4,62.4,0.03,63.5,41,52.9,-0.4,-0.4,95,10.33,95.8,0.33,0
10/27/17,11:06:48 AM,<None>,,753.6,6.21,44.7,189.9,46.4,62.4,0.03,63.5,41,52.9,-0.4,-0.4,95,10.33,95.8,0.32,0
10/27/17,11:07:18 AM,<None>,,753.6,6.21,44.6,189.8,46.5,62.4,0.03,63.5,41,52.9,-0.4,-0.4,95,10.33,95.8,0.31,0
10/27/17,11:07:48 AM,<None>,,753.6,6.21,44.6,189.8,46.5,62.4,0.03,63.5,41,52.9,-0.4,-0.4,95,10.33,95.8,0.33,0
10/27/17,11:08:18 AM,<None>,,753.5,6.21,44.6,189.9,46.5,62.4,0.03,63.5,41,52.9,-0.4,-0.4,95,10.33,95.8,0.42,0
10/27/17,11:08:48 AM,<None>,,753.6,6.21,44.5,189.8,46.5,62.4,0.03,63.5,41,52.9,-0.4,-0.4,95,10.33,95.8,0.36,0
10/27/17,11:09:18 AM,<None>,,753.7,6.21,44.4,189.8,46.5,62.5,0.03,63.5,41,52.9,-0.4,-0.4,95,10.33,95.8,0.33,0
10/27/17,11:09:48 AM,<None>,,753.6,6.21,44.4,189.8,46.5,62.5,0.03,63.5,41,52.9,-0.4,-0.4,95,10.33,95.9,0.28,0
10/27/17,11:10:18 AM,<None>,,753.6,6.21,44.3,189.8,46.5,62.5,0.03,63.6,41,52.9,-0.4,-0.4,95,10.33,95.8,0.26,0
10/27/17,11:10:48 AM,<None>,,753.6,6.22,44.3,189.8,46.5,62.5,0.03,63.6,41,52.9,-0.4,-0.4,95,10.33,95.8,0.28,0
10/27/17,11:11:18 AM,<None>,,753.6,6.22,44.3,189.8,46.5,62.5,0.03,63.6,41,52.9,-0.4,-0.4,95.1,10.33,95.9,0.32,0
10/27/17,11:11:48 AM,<None>,,753.6,6.22,44.2,189.8,46.5,62.5,0.03,63.6,41,52.9,-0.4,-0.4,95.1,10.33,95.9,0.31,0
10/27/17,11:12:18 AM,<None>,,753.7,6.22,44.1,189.7,46.5,62.5,0.03,63.6,41,52.9,-0.4,-0.4,95.1,10.33,95.9,0.27,0
10/27/17,11:12:48 AM,<None>,,753.8,6.22,44.1,189.7,46.5,62.5,0.03,63.6,41,52.9,-0.4,-0.4,95.1,10.33,95.8,0.27,0
10/27/17,11:13:18 AM,<None>,,753.6,6.22,43.9,189.6,46.6,62.5,0.03,63.6,41,52.9,-0.4,-0.4,95,10.33,95.8,0.27,0
10/27/17,11:13:48 AM,<None>,,753.7,6.22,43.8,189.5,46.6,62.5,0.03,63.6,41,53,-0.4,-0.4,95.1,10.33,95.8,0.24,0
10/27/17,11:14:18 AM,<None>,,753.8,6.23,43.6,189.5,46.6,62.5,0.03,63.6,41,53,-0.4,-0.4,95.1,10.33,95.8,0.27,0
10/27/17,11:14:48 AM,<None>,,753.7,6.23,43.7,189.6,46.6,62.5,0.03,63.6,41,53,-0.4,-0.4,95.1,10.33,95.9,0.28,0
10/27/17,11:15:18 AM,<None>,,753.8,6.23,43.6,189.5,46.6,62.5,0.03,63.6,41,53,-0.4,-0.4,95.1,10.33,95.8,0.27,0
10/27/17,11:15:48 AM,<None>,,753.7,6.23,43.5,189.5,46.6,62.6,0.03,63.6,41,53,-0.4,-0.4,95,10.33,95.8,0.25,0
10/27/17,11:16:18 AM,<None>,,753.6,6.23,43.3,189.4,46.6,62.6,0.03,63.6,41,53,-0.4,-0.4,95,10.33,95.9,0.28,0
10/27/17,11:16:48 AM,<None>,,753.7,6.24,43.2,189.3,46.6,62.6,0.03,63.7,41,53,-0.4,-0.4,95.1,10.33,95.9,0.3,0
10/27/17,11:17:18 AM,<None>,,753.7,6.23,43.2,189.4,46.6,62.6,0.03,63.7,41,53,-0.4,-0.4,95.1,10.33,95.9,0.37,0
10/27/17,11:17:48 AM,<None>,,753.8,6.24,43.1,189.3,46.6,62.6,0.03,63.7,41,53,-0.4,-0.4,95.1,10.33,95.9,0.3,0
10/27/17,11:18:18 AM,<None>,,753.7,6.24,43.2,189.3,46.6,62.6,0.03,63.7,41,53,-0.4,-0.4,95.1,10.33,95.9,0.31,0
10/27/17,11:18:48 AM,<None>,,753.8,6.24,43,189.2,46.6,62.6,0.03,63.7,41,53,-0.4,-0.4,95.1,10.33,95.9,0.27,0
10/27/17,11:19:18 AM,<None>,,753.8,6.24,42.8,189,46.6,62.6,0.03,63.7,41,53,-0.4,-0.4,95.1,10.33,95.8,0.26,0
10/27/17,11:19:48 AM,<None>,,753.7,6.24,42.8,189.1,46.6,62.6,0.03,63.7,41,53,-0.4,-0.4,95.1,10.32,95.9,0.3,0
10/27/17,11:20:18 AM,<None>,,753.6,6.24,43.1,189.3,46.6,62.6,0.03,63.7,41,53,-0.4,-0.4,95.1,10.32,95.9,0.34,0
10/27/17,11:20:48 AM,<None>,,753.7,6.24,43.1,189.4,46.7,62.6,0.03,63.7,41,53,-0.4,-0.4,95.1,10.32,95.9,0.28,0
10/27/17,11:21:18 AM,<None>,,753.7,6.24,43,189.3,46.7,62.6,0.03,63.7,41,53,-0.4,-0.4,95.1,10.33,95.9,0.32,0
10/27/17,11:21:48 AM,<None>,,753.8,6.24,43,189.3,46.7,62.6,0.03,63.7,41,53,-0.4,-0.4,95.1,10.32,95.8,0.26,0
10/27/17,11:22:18 AM,<None>,,753.8,6.24,42.9,189.2,46.7,62.6,0.03,63.7,41,53,-0.4,-0.4,95.1,10.33,95.9,0.26,0
10/27/17,11:22:48 AM,<None>,,753.7,6.24,42.8,189.2,46.7,62.6,0.03,63.7,41,53,-0.4,-0.4,95.1,10.32,95.9,0.25,0
10/27/17,11:23:18 AM,<None>,,753.8,6.25,42.5,188.9,46.6,62.6,0.03,63.7,41,53,-0.4,-0.4,95.1,10.32,95.9,0.25,0
10/27/17,11:23:48 AM,<None>,,753.7,6.25,42.5,188.9,46.6,62.6,0.03,63.7,41,53,-0.4,-0.4,95.1,10.32,95.9,0.28,0
10/27/17,11:24:18 AM,<None>,,753.8,6.25,42.3,188.8,46.6,62.6,0.03,63.7,41,53,-0.4,-0.4,95.1,10.32,95.9,0.28,0
10/27/17,11:24:48 AM,<None>,,753.8,6.25,42.5,189,46.6,62.6,0.03,63.6,41,53,-0.4,-0.4,95.1,10.32,95.9,0.26,0
10/27/17,11:25:18 AM,<None>,,753.8,6.25,42.5,189.1,46.6,62.6,0.03,63.6,41,53,-0.4,-0.4,95.1,10.32,95.9,0.33,0
10/27/17,11:25:48 AM,<None>,,753.7,6.25,42.4,189.1,46.6,62.6,0.03,63.6,41,53,-0.4,-0.4,95.1,10.32,95.9,0.25,0
10/27/17,11:26:18 AM,<None>,,753.8,6.25,42.3,189,46.6,62.5,0.03,63.6,41,53,-0.4,-0.4,95.1,10.32,95.9,0.25,0
10/27/17,11:26:48 AM,<None>,,753.7,6.25,42.3,189,46.6,62.5,0.03,63.6,41,53,-0.4,-0.4,95.1,10.32,95.9,0.41,0
10/27/17,11:27:18 AM,<None>,,753.8,6.25,42.2,189,46.6,62.5,0.03,63.6,41,53,-0.4,-0.4,95.1,10.32,95.9,0.28,0
10/27/17,11:27:48 AM,<None>,,753.8,6.25,42.1,188.8,46.6,62.5,0.03,63.6,41,53,-0.4,-0.4,95.1,10.32,95.9,0.33,0
10/27/17,11:28:18 AM,<None>,,753.8,6.25,42.3,189,46.6,62.5,0.03,63.6,41,53,-0.4,-0.4,95.1,10.32,95.9,0.29,0
10/27/17,11:28:48 AM,<None>,,753.8,6.25,42.1,188.9,46.6,62.5,0.03,63.6,41,53,-0.4,-0.4,95.1,10.32,95.9,0.26,0
10/27/17,11:29:18 AM,<None>,,753.9,6.26,42,188.9,46.6,62.5,0.03,63.6,41,53,-0.4,-0.4,95.1,10.32,95.9,0.26,0
10/27/17,11:29:48 AM,<None>,,753.8,6.26,42,188.9,46.6,62.5,0.03,63.6,41,53,-0.4,-0.4,95.1,10.32,95.9,0.29,0
10/27/17,11:30:18 AM,<None>,,753.8,6.26,42,188.9,46.6,62.5,0.03,63.6,41,53,-0.4,-0.4,95.1,10.32,95.9,0.27,0
10/27/17,11:30:48 AM,<None>,,753.8,6.26,41.8,188.8,46.6,62.5,0.03,63.6,41,53,-0.4,-0.4,95.1,10.32,95.9,0.24,0
10/27/17,11:31:18 AM,<None>,,753.8,6.26,42,189,46.6,62.5,0.03,63.6,41,53,-0.4,-0.4,95.1,10.32,95.9,0.25,0
10/27/17,11:31:48 AM,<None>,,753.8,6.26,41.8,188.9,46.6,62.5,0.03,63.6,41,53,-0.4,-0.4,95.1,10.32,95.9,0.31,0
10/27/17,11:32:18 AM,<None>,,753.9,6.26,41.7,188.8,46.6,62.5,0.03,63.6,41,53.1,-0.4,-0.4,95.1,10.32,95.9,0.25,0
10/27/17,11:32:48 AM,<None>,,753.8,6.26,41.8,189,46.6,62.5,0.03,63.6,41,53.1,-0.4,-0.4,95.1,10.32,95.9,0.26,0
10/27/17,11:33:18 AM,<None>,,753.8,6.26,41.9,189,46.7,62.6,0.03,63.6,41,53.1,-0.4,-0.4,95.1,10.32,95.9,0.28,0
10/27/17,11:33:48 AM,<None>,,753.8,6.26,41.8,189,46.7,62.6,0.03,63.7,41,53.1,-0.4,-0.4,95.1,10.32,95.9,0.26,0
10/27/17,11:34:18 AM,<None>,,753.8,6.26,41.7,188.9,46.7,62.6,0.03,63.7,41,53.1,-0.4,-0.4,95.1,10.32,95.9,0.25,0
10/27/17,11:34:48 AM,<None>,,753.7,6.26,41.7,189,46.7,62.6,0.03,63.7,41,53.1,-0.4,-0.4,95.1,10.32,95.9,0.29,0
10/27/17,11:35:18 AM,<None>,,753.7,6.26,41.7,189,46.7,62.6,0.03,63.7,41,53.1,-0.4,-0.4,95.1,10.32,95.9,0.24,0
10/27/17,11:35:48 AM,<None>,,753.8,6.26,41.9,189.2,46.7,62.6,0.03,63.7,41,53.1,-0.4,-0.4,95.1,10.32,95.9,0.26,0
10/27/17,11:36:18 AM,<None>,,753.8,6.26,41.7,189.1,46.7,62.6,0.03,63.7,41,53.1,-0.4,-0.4,95.1,10.32,95.9,0.2,0
10/27/17,11:36:48 AM,<None>,,753.8,6.26,41.7,189,46.7,62.6,0.03,63.7,41,53.1,-0.4,-0.4,95.1,10.32,95.9,0.29,0
10/27/17,11:37:18 AM,<None>,,753.8,6.27,41.5,188.8,46.7,62.6,0.03,63.7,41,53.1,-0.4,-0.4,95.1,10.32,95.9,0.26,0
10/27/17,11:37:48 AM,<None>,,753.7,6.27,41.3,188.7,46.7,62.6,0.03,63.7,41,53.1,-0.4,-0.4,95.1,10.32,95.9,0.24,0
10/27/17,11:38:18 AM,<None>,,753.7,6.27,41,188.5,46.7,62.6,0.03,63.7,41,53.1,-0.4,-0.4,95.1,10.31,95.9,0.31,0
10/27/17,11:38:48 AM,<None>,,753.8,6.27,41.4,188.8,46.7,62.6,0.03,63.7,41,53.1,-0.4,-0.4,95.1,10.32,95.9,0.28,0
10/27/17,11:39:18 AM,<None>,,753.8,6.27,41.3,188.8,46.7,62.6,0.03,63.7,41,53.1,-0.4,-0.4,95.1,10.31,95.9,0.25,0
10/27/17,11:39:48 AM,<None>,,753.7,6.27,41.4,188.9,46.7,62.6,0.03,63.7,41,53.1,-0.4,-0.4,95.1,10.31,95.9,0.22,0
10/27/17,11:40:18 AM,<None>,,753.7,6.27,41.3,188.8,46.7,62.6,0.03,63.7,41,53.1,-0.4,-0.4,95.1,10.31,95.9,0.29,0
10/27/17,11:40:48 AM,<None>,,753.7,6.27,41.4,189,46.7,62.6,0.03,63.7,41,53.1,-0.4,-0.4,95.1,10.31,95.9,0.23,0
10/27/17,11:41:18 AM,<None>,,753.7,6.27,41.4,189,46.7,62.6,0.03,63.7,41,53.1,-0.4,-0.4,95.1,10.31,95.9,0.26,0
10/27/17,11:41:48 AM,<None>,,753.8,6.27,41.1,188.8,46.7,62.6,0.03,63.7,41,53.1,-0.4,-0.4,95.1,10.31,95.9,0.26,0
10/27/17,11:42:18 AM,<None>,,753.7,6.27,41.3,189.1,46.7,62.6,0.03,63.7,41,53.1,-0.4,-0.4,95.1,10.31,95.9,0.29,0
10/27/17,11:42:48 AM,<None>,,753.8,6.27,41.4,189.1,46.7,62.6,0.03,63.7,41,53.1,-0.4,-0.4,95.1,10.31,95.9,0.25,0
10/27/17,11:43:18 AM,<None>,,753.7,6.27,41.2,188.9,46.7,62.6,0.03,63.7,41,53.1,-0.4,-0.4,95.1,10.31,95.9,0.22,0
10/27/17,11:43:48 AM,<None>,,753.8,6.27,41,188.8,46.7,62.6,0.03,63.7,41,53.1,-0.4,-0.4,95.1,10.31,95.9,0.34,0
10/27/17,11:44:18 AM,<None>,,753.7,6.27,41.1,188.9,46.7,62.6,0.03,63.6,41,53.1,-0.4,-0.4,95.1,10.31,95.9,0.24,0
10/27/17,11:44:48 AM,<None>,,753.6,6.27,41.3,189,46.7,62.6,0.03,63.7,41,53.2,-0.4,-0.4,95.1,10.31,95.9,0.28,0
10/27/17,11:45:18 AM,<None>,,753.6,6.27,41.2,189,46.7,62.6,0.03,63.7,41,53.2,-0.4,-0.4,95.1,10.31,95.9,0.23,0
10/27/17,11:45:48 AM,<None>,,753.7,6.27,41,188.9,46.7,62.5,0.03,63.6,41,53.2,-0.4,-0.4,95.1,10.31,95.9,0.28,0
10/27/17,11:46:18 AM,<None>,,753.5,6.28,40.8,188.7,46.7,62.6,0.03,63.6,41,53.2,-0.4,-0.4,95.1,10.31,96,0.28,0
10/27/17,11:46:48 AM,<None>,,753.7,6.28,40.7,188.7,46.7,62.5,0.03,63.6,41,53.2,-0.4,-0.4,95.1,10.31,95.9,0.31,0
10/27/17,11:47:18 AM,<None>,,753.6,6.29,40.3,188.3,46.7,62.6,0.03,63.6,41,53.2,-0.4,-0.4,95.1,10.31,95.9,0.25,0
10/27/17,11:47:48 AM,<None>,,753.6,6.29,40.1,188.1,46.7,62.5,0.03,63.6,41,53.2,-0.4,-0.4,95.1,10.31,95.9,0.31,0
10/27/17,11:48:18 AM,<None>,,753.7,6.28,40.5,188.5,46.7,62.6,0.03,63.6,41,53.2,-0.4,-0.4,95.1,10.31,95.9,0.29,0
10/27/17,11:48:48 AM,<None>,,753.7,6.28,40.5,188.5,46.7,62.5,0.03,63.6,41,53.2,-0.4,-0.4,95.1,10.31,95.9,0.34,0
10/27/17,11:49:18 AM,<None>,,753.6,6.28,40.5,188.5,46.7,62.6,0.03,63.6,41,53.2,-0.4,-0.4,95.1,10.31,95.9,0.24,0
10/27/17,11:49:48 AM,<None>,,753.7,6.28,40.5,188.6,46.7,62.6,0.03,63.6,41,53.2,-0.4,-0.4,95.1,10.3,95.9,0.3,0
10/27/17,11:50:18 AM,<None>,,753.6,6.29,40.3,188.4,46.7,62.6,0.03,63.6,41,53.2,-0.5,-0.5,95.1,10.31,95.9,0.25,0
10/27/17,11:50:47 AM,<None>,,753.6,6.29,40.2,188.3,46.7,62.5,0.03,63.6,41,53.2,-0.5,-0.5,95.1,10.3,95.9,0.29,0
10/27/17,11:51:17 AM,<None>,,753.5,6.29,40.3,188.4,46.7,62.5,0.03,63.6,41,53.2,-0.5,-0.5,95.1,10.3,95.9,0.32,0
10/27/17,11:51:47 AM,<None>,,753.7,6.29,40.1,188.3,46.7,62.5,0.03,63.6,41,53.2,-0.5,-0.5,95.1,10.3,95.9,0.22,0
10/27/17,11:52:17 AM,<None>,,753.8,6.29,40.3,188.5,46.7,62.5,0.03,63.6,41,53.2,-0.5,-0.5,95.1,10.3,95.9,0.34,0
10/27/17,11:52:47 AM,<None>,,753.7,6.29,40.2,188.5,46.7,62.5,0.03,63.6,41,53.2,-0.5,-0.5,95.1,10.3,95.9,0.27,0
10/27/17,11:53:17 AM,<None>,,753.8,6.29,40.2,188.6,46.7,62.5,0.03,63.6,41,53.2,-0.5,-0.5,95.1,10.3,95.9,0.28,0
10/27/17,11:53:47 AM,<None>,,753.7,6.29,40.2,188.6,46.7,62.5,0.03,63.6,41,53.2,-0.5,-0.5,95.1,10.3,95.9,0.29,0
10/27/17,11:54:17 AM,<None>,,753.7,6.29,40.3,188.6,46.7,62.5,0.03,63.6,41,53.2,-0.5,-0.5,95.1,10.3,95.9,0.32,0
10/27/17,11:54:47 AM,<None>,,753.8,6.28,40.5,188.8,46.7,62.5,0.03,63.6,41,53.2,-0.5,-0.5,95.1,10.3,95.9,0.27,0
10/27/17,11:55:17 AM,<None>,,753.7,6.29,40.3,188.7,46.7,62.5,0.03,63.5,41,53.2,-0.5,-0.5,95.1,10.3,95.9,0.26,0
10/27/17,11:55:47 AM,<None>,,753.7,6.29,40.3,188.8,46.7,62.4,0.03,63.5,41,53.2,-0.5,-0.5,95.1,10.3,95.9,0.34,0
10/27/17,11:56:17 AM,<None>,,753.8,6.29,40.1,188.5,46.7,62.4,0.03,63.5,41,53.2,-0.5,-0.5,95.1,10.3,95.9,0.3,0
10/27/17,11:56:47 AM,<None>,,753.7,6.29,40,188.5,46.7,62.4,0.03,63.5,41,53.2,-0.5,-0.5,95.1,10.3,95.9,0.25,0
10/27/17,11:57:17 AM,<None>,,753.7,6.29,40,188.5,46.7,62.4,0.03,63.5,41,53.2,-0.5,-0.5,95.1,10.3,95.9,0.25,0
10/27/17,11:57:47 AM,<None>,,753.8,6.29,39.8,188.4,46.7,62.4,0.03,63.5,41,53.2,-0.5,-0.5,95.1,10.3,95.9,0.26,0
10/27/17,11:58:17 AM,<None>,,753.6,6.29,39.9,188.5,46.7,62.4,0.03,63.5,41,53.2,-0.5,-0.5,95.2,10.3,96,0.26,0
10/27/17,11:58:47 AM,<None>,,753.8,6.29,40,188.6,46.6,62.4,0.03,63.5,41,53.2,-0.5,-0.5,95.2,10.3,96,0.31,0
10/27/17,11:59:17 AM,<None>,,753.8,6.29,39.9,188.5,46.7,62.4,0.03,63.5,41,53.2,-0.5,-0.5,95.2,10.3,95.9,0.28,0
10/27/17,11:59:47 AM,<None>,,753.8,6.29,40,188.6,46.7,62.4,0.03,63.5,41,53.2,-0.5,-0.5,95.2,10.3,96,0.33,0
10/27/17,12:00:17 PM,<None>,,753.6,6.3,39.7,188.3,46.6,62.3,0.03,63.4,41,53.2,-0.5,-0.5,95.2,10.3,96,0.25,0
10/27/17,12:00:47 PM,<None>,,753.7,6.3,39.7,188.4,46.6,62.3,0.03,63.4,41,53.3,-0.5,-0.5,95.2,10.3,96,0.3,0
10/27/17,12:01:17 PM,<None>,,753.7,6.3,39.7,188.3,46.6,62.3,0.03,63.4,41,53.3,-0.5,-0.5,95.2,10.3,96,0.24,0
10/27/17,12:01:47 PM,<None>,,753.7,6.3,39.5,188.1,46.6,62.3,0.03,63.4,41,53.3,-0.5,-0.5,95.1,10.3,95.9,0.31,0
10/27/17,12:02:17 PM,<None>,,753.7,6.3,39.6,188.2,46.6,62.3,0.03,63.4,41,53.3,-0.5,-0.5,95.1,10.29,95.9,0.23,0
10/27/17,12:02:47 PM,<None>,,753.7,6.3,39.6,188.2,46.6,62.3,0.03,63.4,41,53.3,-0.5,-0.5,95.1,10.3,95.9,0.25,0
10/27/17,12:03:17 PM,<None>,,753.7,6.3,39.6,188.2,46.6,62.3,0.03,63.4,41,53.3,-0.5,-0.5,95.1,10.29,95.9,0.27,0
10/27/17,12:03:47 PM,<None>,,753.7,6.3,39.4,188,46.6,62.4,0.03,63.4,41,53.3,-0.5,-0.5,95.1,10.29,95.9,0.24,0
10/27/17,12:04:17 PM,<None>,,753.7,6.3,39.3,188,46.7,62.4,0.03,63.4,41,53.3,-0.5,-0.5,95.1,10.29,95.9,0.22,0
10/27/17,12:04:47 PM,<None>,,753.8,6.31,39.1,187.8,46.7,62.4,0.03,63.5,41,53.3,-0.5,-0.5,95.1,10.29,95.9,0.27,0
10/27/17,12:05:17 PM,<None>,,753.6,6.3,39.6,188.3,46.7,62.4,0.03,63.5,41,53.3,-0.5,-0.5,95.1,10.29,95.9,0.25,0
10/27/17,12:05:47 PM,<None>,,753.7,6.3,39.7,188.4,46.7,62.4,0.03,63.5,41,53.3,-0.5,-0.5,95.1,10.29,95.9,0.26,0
10/27/17,12:06:17 PM,<None>,,753.7,6.3,39.6,188.3,46.7,62.4,0.03,63.5,41,53.3,-0.5,-0.5,95.1,10.29,95.9,0.32,0
10/27/17,12:06:47 PM,<None>,,753.7,6.3,39.6,188.3,46.7,62.4,0.03,63.5,41,53.3,-0.5,-0.5,95.1,10.29,95.9,0.35,0
10/27/17,12:07:17 PM,<None>,,753.7,6.3,39.5,188.2,46.8,62.5,0.03,63.6,41,53.3,-0.5,-0.5,95.1,10.29,95.9,0.29,0
10/27/17,12:07:47 PM,<None>,,753.6,6.3,39.2,188,46.8,62.5,0.03,63.6,41,53.3,-0.5,-0.5,95.1,10.29,95.9,0.27,0
10/27/17,12:08:17 PM,<None>,,753.7,6.3,39.6,188.3,46.8,62.5,0.03,63.6,41,53.3,-0.5,-0.5,95.1,10.29,95.9,0.33,0
10/27/17,12:08:47 PM,<None>,,753.7,6.3,39.5,188.2,46.8,62.5,0.03,63.6,41,53.3,-0.5,-0.5,95.1,10.29,95.9,0.31,0
10/27/17,12:09:17 PM,<None>,,753.6,6.31,39.2,188,46.8,62.5,0.03,63.6,41,53.3,-0.5,-0.5,95.1,10.29,95.9,0.3,0
10/27/17,12:09:47 PM,<None>,,753.6,6.31,38.8,187.7,46.8,62.5,0.03,63.6,41,53.3,-0.5,-0.5,95.2,10.29,96,0.27,0
10/27/17,12:10:17 PM,<None>,,753.7,6.3,39.3,188.2,46.8,62.5,0.03,63.6,41,53.3,-0.5,-0.5,95.1,10.29,95.9,0.31,0
10/27/17,12:10:47 PM,<None>,,753.7,6.3,39.3,188.1,46.8,62.5,0.03,63.6,41,53.3,-0.5,-0.5,95.2,10.29,95.9,0.29,0
10/27/17,12:11:17 PM,<None>,,753.6,6.3,39.4,188.2,46.8,62.5,0.03,63.6,41,53.3,-0.5,-0.5,95.2,10.29,96,0.32,0
10/27/17,12:11:47 PM,<None>,,753.6,6.3,39.4,188.2,46.8,62.5,0.03,63.6,41,53.3,-0.5,-0.5,95.1,10.29,95.9,0.26,0
10/27/17,12:12:17 PM,<None>,,753.6,6.3,39.5,188.3,46.8,62.5,0.03,63.6,41,53.3,-0.5,-0.5,95.2,10.29,96,0.34,0
10/27/17,12:12:47 PM,<None>,,753.7,6.3,39.5,188.3,46.8,62.5,0.03,63.6,41,53.3,-0.5,-0.5,95.2,10.29,96,0.21,0
10/27/17,12:13:17 PM,<None>,,753.7,6.31,39.2,188,46.8,62.5,0.03,63.6,41,53.3,-0.5,-0.5,95.2,10.29,96,0.24,0
10/27/17,12:13:47 PM,<None>,,753.8,6.3,39.3,188.1,46.9,62.6,0.03,63.6,41,53.3,-0.5,-0.5,95.2,10.29,95.9,0.27,0
10/27/17,12:14:17 PM,<None>,,753.8,6.31,39.2,188.1,46.9,62.6,0.03,63.6,41,53.3,-0.5,-0.5,95.2,10.29,96,0.44,0
10/27/17,12:14:47 PM,<None>,,753.8,6.31,39.2,188.1,46.9,62.6,0.03,63.6,41,53.3,-0.5,-0.5,95.2,10.29,95.9,0.26,0
10/27/17,12:15:17 PM,<None>,,753.8,6.3,39.3,188.2,46.9,62.6,0.03,63.6,41,53.4,-0.5,-0.5,95.1,10.28,95.9,0.32,0
10/27/17,12:15:47 PM,<None>,,753.8,6.31,39.2,188.1,46.9,62.5,0.03,63.6,41,53.4,-0.5,-0.5,95.2,10.28,95.9,0.32,0
10/27/17,12:16:17 PM,<None>,,753.8,6.31,39,188,46.9,62.6,0.03,63.7,41,53.4,-0.5,-0.5,95.2,10.28,95.9,0.32,0
10/27/17,12:16:47 PM,<None>,,753.8,6.3,39.3,188.2,46.9,62.6,0.03,63.6,41,53.4,-0.5,-0.5,95.2,10.28,95.9,0.28,0
10/27/17,12:17:17 PM,<None>,,753.8,6.3,39.4,188.2,46.9,62.6,0.03,63.6,41,53.4,-0.5,-0.5,95.2,10.28,95.9,0.3,0
10/27/17,12:17:47 PM,<None>,,753.7,6.3,39.4,188.3,46.9,62.6,0.03,63.6,41,53.4,-0.5,-0.5,95.2,10.28,96,0.3,0
10/27/17,12:18:17 PM,<None>,,753.8,6.3,39.3,188.2,46.9,62.6,0.03,63.7,41,53.4,-0.5,-0.5,95.2,10.28,96,0.23,0
10/27/17,12:18:47 PM,<None>,,753.7,6.31,39.1,188.1,46.9,62.6,0.03,63.6,41,53.4,-0.5,-0.5,95.2,10.28,96,0.29,0
10/27/17,12:19:17 PM,<None>,,753.7,6.31,39.1,188,46.9,62.5,0.03,63.6,41,53.4,-0.5,-0.5,95.2,10.28,96,0.26,0
10/27/17,12:19:47 PM,<None>,,753.8,6.31,39.1,187.9,46.9,62.5,0.03,63.6,41,53.4,-0.5,-0.5,95.2,10.28,95.9,0.26,0
10/27/17,12:20:17 PM,<None>,,753.7,6.31,38.9,187.7,46.9,62.6,0.03,63.6,41,53.4,-0.5,-0.5,95.2,10.28,96,0.32,0
10/27/17,12:20:47 PM,<None>,,753.7,6.31,39.1,187.9,46.9,62.6,0.03,63.6,41,53.4,-0.5,-0.5,95.2,10.28,96,0.28,0
10/27/17,12:21:17 PM,<None>,,753.8,6.31,38.8,187.6,46.9,62.5,0.03,63.6,41,53.4,-0.5,-0.5,95.2,10.28,96,0.34,0
10/27/17,12:21:47 PM,<None>,,753.8,6.32,38.6,187.5,46.9,62.6,0.03,63.6,41,53.4,-0.5,-0.5,95.2,10.28,96,0.23,0
10/27/17,12:22:17 PM,<None>,,753.7,6.31,38.9,187.7,46.9,62.5,0.03,63.6,41,53.4,-0.5,-0.5,95.2,10.28,96,0.28,0
10/27/17,12:22:47 PM,<None>,,753.8,6.31,39,187.7,46.9,62.5,0.03,63.6,41,53.4,-0.5,-0.5,95.2,10.28,96,0.31,0
10/27/17,12:23:17 PM,<None>,,753.7,6.31,38.7,187.5,46.9,62.5,0.03,63.6,41,53.4,-0.5,-0.5,95.2,10.28,96,0.26,0
10/27/17,12:23:47 PM,<None>,,753.7,6.31,38.7,187.5,46.9,62.5,0.03,63.6,41,53.4,-0.5,-0.5,95.2,10.28,96,0.24,0
10/27/17,12:24:17 PM,<None>,,753.6,6.32,38.3,187.1,46.9,62.5,0.03,63.6,41,53.4,-0.5,-0.5,95.2,10.28,96,0.34,0
10/27/17,12:24:47 PM,<None>,,753.6,6.32,38.4,187.2,46.9,62.5,0.03,63.6,41,53.4,-0.5,-0.5,95.2,10.28,96,0.33,0
10/27/17,12:25:17 PM,<None>,,753.7,6.32,38.6,187.5,46.9,62.5,0.03,63.6,41,53.4,-0.5,-0.5,95.2,10.28,96,0.23,0
10/27/17,12:25:47 PM,<None>,,753.7,6.32,38.6,187.4,46.9,62.5,0.03,63.6,41,53.4,-0.5,-0.5,95.2,10.28,96,0.27,0
10/27/17,12:26:17 PM,<None>,,753.6,6.32,38.7,187.5,46.9,62.5,0.03,63.6,41,53.5,-0.5,-0.5,95.2,10.28,96.1,0.24,0
10/27/17,12:26:47 PM,<None>,,753.6,6.32,38.6,187.5,46.9,62.5,0.03,63.6,41,53.5,-0.5,-0.5,95.2,10.28,96,0.25,0
10/27/17,12:27:17 PM,<None>,,753.6,6.31,38.7,187.5,46.9,62.5,0.03,63.6,41,53.5,-0.5,-0.5,95.2,10.28,96,0.41,0
10/27/17,12:27:47 PM,<None>,,753.6,6.22,44.1,207.8,1.2,1.6,0,1.6,1,53.4,-0.5,-0.5,95.2,10.28,96,30.18,0
10/27/17,12:28:17 PM,<None>,,753.6,6.67,18.3,195.3,6.7,9.3,0,9.4,6,51,-0.4,-0.4,77.8,8.67,78.5,21.01,0
10/27/17,12:28:47 PM,<None>,,753.5,6.88,6.6,186.2,12.2,16.9,0.01,17.2,11,51,-0.3,-0.3,76.2,8.48,76.8,12.66,0
10/27/17,12:29:17 PM,<None>,,753.5,6.96,2.2,180.8,8.5,11.7,0,11.9,8,51.1,-0.4,-0.4,75.9,8.45,76.6,11.08,0
10/27/17,12:29:47 PM,<None>,,753.5,7,-0.3,176.5,7.2,9.9,0,10.1,6,51.1,-0.4,-0.4,76.1,8.47,76.8,6.33,0
10/27/17,12:30:17 PM,<None>,,753.5,7,0,176.5,6.5,8.9,0,9.1,6,51.1,-0.4,-0.4,84.6,9.41,85.3,12.2,0
10/27/17,12:30:47 PM,<None>,,753.3,7.05,-3.1,172.2,22.3,29.6,0.01,30.1,19,53.5,-0.5,-0.5,96.8,10.45,97.7,7.22,0
10/27/17,12:31:17 PM,<None>,,753.4,6.43,32.1,175.4,46.9,62.4,0.03,63.5,41,53.6,-0.5,-0.5,93.3,10.06,94.1,0.62,0
10/27/17,12:31:47 PM,<None>,,753.4,6.31,39,176.3,46.9,62.4,0.03,63.5,41,53.6,-0.5,-0.5,93.2,10.05,94.1,0.46,0
10/27/17,12:32:17 PM,<None>,,753.4,6.24,43,177.7,46.9,62.4,0.03,63.4,41,53.6,-0.5,-0.5,93.2,10.05,94.1,0.21,0
10/27/17,12:32:47 PM,<None>,,753.4,6.21,44.7,179.1,46.9,62.3,0.03,63.4,41,53.6,-0.5,-0.5,93.3,10.06,94.2,0.29,0
10/27/17,12:33:17 PM,<None>,,753.4,6.19,45.8,180.4,46.9,62.3,0.03,63.4,41,53.6,-0.5,-0.5,93.4,10.06,94.2,0.22,0
10/27/17,12:33:47 PM,<None>,,753.4,6.19,45.8,181,46.8,62.3,0.03,63.4,41,53.6,-0.5,-0.5,93.4,10.06,94.2,0.17,0
10/27/17,12:34:17 PM,<None>,,753.4,6.19,45.7,181.5,46.8,62.3,0.03,63.4,40,53.6,-0.5,-0.5,93.4,10.06,94.2,0.15,0
10/27/17,12:34:47 PM,<None>,,753.4,6.19,45.7,182.2,46.8,62.3,0.03,63.4,40,53.6,-0.5,-0.5,93.4,10.06,94.2,0.36,0
10/27/17,12:35:17 PM,<None>,,753.4,6.19,45.7,182.6,46.8,62.3,0.03,63.4,40,53.6,-0.5,-0.5,93.4,10.06,94.2,0.17,0
10/27/17,12:35:47 PM,<None>,,753.4,6.19,45.6,183,46.8,62.3,0.03,63.4,40,53.6,-0.5,-0.5,93.4,10.06,94.2,0.14,0
10/27/17,12:36:17 PM,<None>,,753.5,6.2,45.2,183.2,46.8,62.3,0.03,63.4,40,53.6,-0.5,-0.5,93.4,10.06,94.2,0.18,0
10/27/17,12:36:47 PM,<None>,,753.4,6.54,25.7,187.1,9,12.3,0,12.5,8,51.5,-0.4,-0.4,94.2,10.43,95,1.82,0
10/27/17,12:37:17 PM,<None>,,753.3,6.8,11.1,179.9,2.8,3.8,0,3.9,2,51.7,-0.4,-0.4,88.6,9.79,89.4,12.35,0
10/27/17,12:37:47 PM,<None>,,753.3,6.72,15.6,176.7,38.4,51.1,0.02,51.9,33,53.6,-0.5,-0.5,95.4,10.28,96.3,0.17,0
10/27/17,12:38:17 PM,<None>,,753.3,6.37,35.7,176.7,46.9,62.3,0.03,63.4,41,53.7,-0.5,-0.5,93.5,10.07,94.3,0.25,0
10/27/17,12:38:47 PM,<None>,,753.4,6.28,40.8,177.7,46.9,62.4,0.03,63.4,41,53.7,-0.5,-0.5,93.4,10.05,94.2,0.18,0
10/27/17,12:39:17 PM,<None>,,753.5,6.24,43.2,178.7,46.9,62.3,0.03,63.4,41,53.7,-0.5,-0.5,93.4,10.05,94.2,0.15,0
10/27/17,12:39:47 PM,<None>,,753.3,6.21,44.5,179.9,46.9,62.3,0.03,63.4,41,53.7,-0.5,-0.5,93.3,10.05,94.2,0.17,0
10/27/17,12:40:17 PM,<None>,,753.4,6.2,45.4,181,46.9,62.3,0.03,63.4,41,53.7,-0.5,-0.5,93.3,10.04,94.1,0.14,0
10/27/17,12:40:47 PM,<None>,,753.3,6.19,45.7,181.8,46.9,62.3,0.03,63.4,41,53.7,-0.5,-0.5,93.3,10.05,94.2,0.14,0
10/27/17,12:41:17 PM,<None>,,753.4,6.2,45.4,182.1,46.9,62.3,0.03,63.4,41,53.7,-0.5,-0.5,93.3,10.05,94.2,0.15,0
10/27/17,12:41:47 PM,<None>,,753.4,6.19,45.8,183,46.9,62.4,0.03,63.4,41,53.7,-0.5,-0.5,93.3,10.04,94.1,0.35,0
10/27/17,12:42:17 PM,<None>,,753.5,6.06,53,200.7,1.7,2.2,0,2.3,1,53.3,-0.5,-0.5,98.2,10.62,99,12.69,0
10/27/17,12:42:47 PM,<None>,,753.3,6.24,43.1,185.4,3.2,4.4,0,4.4,3,53.1,-0.5,-0.5,98.3,10.67,99.2,-0.4,0
10/27/17,12:43:17 PM,<None>,,753.4,6.15,48,187.8,46.6,61.9,0.03,63,40,53.7,-0.5,-0.5,94.2,10.14,95,0.29,0
10/27/17,12:43:47 PM,<None>,,753.4,6.13,49,187.4,46.7,62,0.03,63.1,40,53.7,-0.5,-0.5,93.6,10.07,94.4,0.29,0
10/27/17,12:44:17 PM,<None>,,753.5,6.14,48.5,186.5,47,62.4,0.03,63.5,41,53.7,-0.5,-0.5,93.5,10.05,94.3,0.34,0
10/27/17,12:44:47 PM,<None>,,753.4,6.13,49.1,186.9,47,62.4,0.03,63.5,41,53.7,-0.5,-0.5,93.4,10.05,94.2,0.29,0
10/27/17,12:45:17 PM,<None>,,753.5,6.13,49,186.9,47,62.4,0.03,63.5,41,53.7,-0.5,-0.5,93.4,10.05,94.2,0.28,0
10/27/17,12:45:47 PM,<None>,,753.5,6.15,48.3,186.3,47,62.4,0.03,63.5,41,53.8,-0.5,-0.5,93.4,10.04,94.2,0.32,0
10/27/17,12:46:17 PM,<None>,,753.5,6.14,48.7,186.8,47,62.4,0.03,63.5,41,53.8,-0.5,-0.5,93.4,10.04,94.2,0.29,0
10/27/17,12:46:47 PM,<None>,,753.5,6.14,48.7,186.9,47,62.4,0.03,63.5,41,53.8,-0.5,-0.5,93.4,10.04,94.2,0.31,0
10/27/17,12:47:17 PM,<None>,,753.3,6.17,47.2,185.6,47,62.4,0.03,63.5,41,53.8,-0.5,-0.5,93.4,10.04,94.2,0.46,0
10/27/17,12:47:47 PM,<None>,,753.5,6.16,47.5,186,47.1,62.5,0.03,63.5,41,53.8,-0.5,-0.5,93.3,10.04,94.2,0.38,0
10/27/17,12:48:17 PM,<None>,,753.5,6.25,42.4,183,64.6,86.2,0.04,87.7,56,53.3,-0.5,-0.5,95.3,10.31,96.1,1.19,0
10/27/17,12:48:47 PM,<None>,,753.5,6.34,37,180.4,64.5,86.2,0.04,87.7,56,53.3,-0.5,-0.5,93.4,10.09,94.2,0.91,0
10/27/17,12:49:17 PM,<None>,,753.4,6.4,34.1,178.9,64.5,86.2,0.04,87.7,56,53.3,-0.4,-0.4,93.2,10.08,94,0.79,0
10/27/17,12:49:47 PM,<None>,,753.2,6.42,32.6,178.3,64.5,86.2,0.04,87.7,56,53.3,-0.4,-0.4,93.3,10.09,94.1,0.92,0
10/27/17,12:50:17 PM,<None>,,753.3,6.44,31.5,177.4,64.5,86.2,0.04,87.7,56,53.3,-0.4,-0.4,93.3,10.09,94.1,0.86,0
10/27/17,12:50:47 PM,<None>,,753.3,6.25,42.7,183.7,47.2,62.5,0.03,63.6,41,53.9,-0.5,-0.5,93.5,10.04,94.3,0.36,0
10/27/17,12:51:17 PM,<None>,,753.3,6.14,48.4,185.7,47.2,62.5,0.03,63.6,41,53.9,-0.5,-0.5,91.3,9.81,92.1,0.37,0
10/27/17,12:51:47 PM,<None>,,753.4,6.11,50.5,186.8,47.2,62.5,0.03,63.6,41,53.9,-0.5,-0.5,91.2,9.79,92,0.39,0
10/27/17,12:52:17 PM,<None>,,753.3,6.11,50.4,186.7,47.2,62.5,0.03,63.6,41,53.9,-0.5,-0.5,91.1,9.78,91.9,0.39,0
10/27/17,12:52:47 PM,<None>,,753.3,6.12,49.8,186.1,47.2,62.5,0.03,63.6,41,53.9,-0.5,-0.5,91.1,9.78,91.9,0.38,0
10/27/17,12:53:17 PM,<None>,,753.3,6.11,50.6,187.1,47.2,62.5,0.03,63.6,41,53.9,-0.5,-0.5,91.1,9.78,91.9,0.3,0
10/27/17,12:53:47 PM,<None>,,753.3,6.11,50.6,187.2,47.1,62.5,0.03,63.5,41,53.9,-0.5,-0.5,91.1,9.78,91.9,0.33,0
10/27/17,12:54:17 PM,<None>,,753.4,6.11,50.5,187.2,47.2,62.5,0.03,63.5,41,53.9,-0.5,-0.5,91.1,9.78,91.9,0.38,0
10/27/17,12:54:47 PM,<None>,,753.4,6.1,50.9,187.8,47.1,62.4,0.03,63.5,41,53.9,-0.5,-0.5,91.1,9.78,91.9,0.42,0
10/27/17,12:55:17 PM,<None>,,753.3,6.1,50.7,187.8,47.2,62.5,0.03,63.5,41,53.9,-0.5,-0.5,91.1,9.78,91.9,0.37,0
10/27/17,12:55:47 PM,<None>,,753.3,6.26,42,184.6,63.9,85.5,0.04,86.9,56,53.3,-0.4,-0.4,92.5,10.01,93.3,2.04,0
10/27/17,12:56:17 PM,<None>,,753.1,6.33,37.8,180.1,63.9,85.4,0.04,86.9,56,53.3,-0.4,-0.4,93.7,10.13,94.5,2.16,0
10/27/17,12:56:47 PM,<None>,,753.4,6.11,50.1,185.8,1.9,2.5,0,2.6,2,53,-0.5,-0.5,94,10.2,94.8,11.67,0
10/27/17,12:57:17 PM,<None>,,753.4,6.24,42.8,183.4,47.1,62.3,0.03,63.4,40,53.9,-0.5,-0.5,91,9.77,91.8,0.32,0
10/27/17,12:57:47 PM,<None>,,753.3,6.17,46.8,183.5,47.1,62.3,0.03,63.4,41,53.9,-0.5,-0.5,90.3,9.69,91.1,0.35,0
10/27/17,12:58:17 PM,<None>,,753.3,6.16,47.6,183.8,47.1,62.4,0.03,63.5,41,53.9,-0.5,-0.5,90.2,9.68,91,0.33,0
10/27/17,12:58:47 PM,<None>,,753.4,6.15,48.1,184.2,47.1,62.3,0.03,63.4,41,53.9,-0.5,-0.5,90.1,9.67,90.9,0.31,0
10/27/17,12:59:17 PM,<None>,,753.3,6.15,48,184.2,47.1,62.3,0.03,63.4,40,53.9,-0.5,-0.5,90.1,9.67,90.9,0.33,0
10/27/17,12:59:47 PM,<None>,,753.3,6.15,48.1,184.4,47,62.2,0.03,63.3,40,54,-0.5,-0.5,90.1,9.67,90.9,0.36,0
10/27/17,1:00:17 PM,<None>,,753.4,6.14,48.6,185.1,47,62.2,0.03,63.2,40,54,-0.5,-0.5,90.1,9.66,90.9,0.32,0
10/27/17,1:00:47 PM,<None>,,753.4,6.14,48.5,185.2,46.9,62.1,0.03,63.2,40,54,-0.5,-0.5,90.1,9.66,90.9,0.31,0
10/27/17,1:01:17 PM,<None>,,753.3,6.14,48.6,185.4,46.9,62.1,0.03,63.2,40,54,-0.5,-0.5,90.1,9.66,90.9,0.32,0
10/27/17,1:01:47 PM,<None>,,753.4,6.14,48.5,185.4,46.9,62.1,0.03,63.2,40,54,-0.5,-0.5,90.1,9.66,90.9,0.31,0
10/27/17,1:02:17 PM,<None>,,753.4,6.14,48.4,185.5,47,62.2,0.03,63.2,40,54,-0.5,-0.5,90.1,9.66,90.9,0.4,0
10/27/17,1:02:47 PM,<None>,,753.4,5.97,58.1,212,42,55.5,0.03,56.5,36,54,-0.5,-0.5,90.1,9.66,90.9,1.49,0
10/27/17,1:03:17 PM,<None>,,753.3,6.22,44,182.3,63.5,84.9,0.04,86.3,55,53.3,-0.5,-0.5,93.9,10.16,94.8,1.96,0
10/27/17,1:03:47 PM,<None>,,753,6.36,35.9,180,63.5,84.8,0.04,86.3,55,53.4,-0.5,-0.5,94,10.16,94.9,3.57,0
10/27/17,1:04:17 PM,<None>,,753.1,6.41,33.5,177.1,63.6,84.9,0.04,86.4,55,53.4,-0.5,-0.5,94.4,10.19,95.2,1.68,0
10/27/17,1:04:47 PM,<None>,,753.1,6.43,32,175.3,63.7,84.9,0.04,86.3,55,53.5,-0.5,-0.5,94.6,10.2,95.4,1.94,0
10/27/17,1:05:17 PM,<None>,,753,6.45,30.8,173.7,63.8,84.9,0.04,86.3,55,53.6,-0.5,-0.5,94.7,10.2,95.6,1.56,0
10/27/17,1:05:47 PM,<None>,,753.1,6.47,29.8,173,63.9,84.9,0.04,86.3,55,53.7,-0.5,-0.5,94.8,10.21,95.7,1.51,0
10/27/17,1:06:17 PM,<None>,,753.1,6.43,32.3,175.8,63.5,84.1,0.04,85.6,55,53.9,-0.5,-0.5,95.1,10.21,96,8.41,0
10/27/17,1:06:47 PM,<None>,,753.2,6.15,48.2,184.6,31.1,41.3,0.02,42,27,53.8,-0.5,-0.5,89.4,9.62,90.2,3.7,0
10/27/17,1:07:17 PM,<None>,,753.1,5.99,57.4,184.6,37.9,50.1,0.02,51,33,54,-0.5,-0.5,85.7,9.19,86.5,0.34,0
10/27/17,1:07:47 PM,<None>,,753.2,6.03,55.1,188.6,37.9,50.1,0.02,51,33,54,-0.5,-0.5,85.2,9.13,85.9,0.22,0
10/27/17,1:08:17 PM,<None>,,753.1,6,56.6,191.8,37.9,50.1,0.02,51,33,54,-0.5,-0.5,85,9.11,85.8,0.29,0
10/27/17,1:08:47 PM,<None>,,753.1,5.96,58.8,195,37.9,50.1,0.02,51,33,54,-0.5,-0.5,84.9,9.11,85.7,0.24,0
10/27/17,1:09:17 PM,<None>,,753,5.93,60.5,197.5,37.9,50.1,0.02,51,33,54,-0.5,-0.5,84.9,9.1,85.7,0.44,0
10/27/17,1:09:47 PM,<None>,,753.2,5.91,61.6,199.2,37.9,50.1,0.02,51,33,54,-0.5,-0.5,84.8,9.09,85.6,0.35,0
10/27/17,1:10:17 PM,<None>,,753.1,5.91,61.8,200.1,37.9,50.1,0.02,51,33,54,-0.5,-0.5,84.8,9.09,85.6,0.17,0
10/27/17,1:10:47 PM,<None>,,753,5.92,61.3,200.1,37.9,50.1,0.02,51,33,54,-0.5,-0.5,84.8,9.09,85.6,0.25,0
10/27/17,1:11:17 PM,<None>,,753.1,5.93,60.8,200,37.9,50.1,0.02,51,33,54,-0.5,-0.5,84.8,9.09,85.5,0.3,0
10/27/17,1:11:47 PM,<None>,,752.9,5.89,62.8,201.8,37.9,50.1,0.02,51,33,54,-0.5,-0.5,84.7,9.08,85.5,0.27,0
10/27/17,1:12:17 PM,<None>,,753,5.89,63.1,202.1,37.9,50.1,0.02,51,33,54,-0.5,-0.5,84.7,9.08,85.5,0.34,0
10/27/17,1:12:47 PM,<None>,,753.1,6.1,50.8,193.9,63.2,83.7,0.04,85.1,54,54,-0.5,-0.5,94.2,10.11,95.1,2.93,0
10/27/17,1:13:17 PM,<None>,,753.2,6.31,39.1,183.7,63.6,83.9,0.04,85.3,55,54.2,-0.5,-0.5,95.5,10.21,96.4,2.18,0
10/27/17,1:13:47 PM,<None>,,753.1,6.37,35.4,180.9,63.7,83.9,0.04,85.4,55,54.2,-0.5,-0.5,95.8,10.24,96.7,2.17,0
10/27/17,1:14:17 PM,<None>,,753.2,6.42,32.7,179.9,63.7,83.9,0.04,85.4,55,54.2,-0.5,-0.5,95.9,10.25,96.8,2.09,0
10/27/17,1:14:47 PM,<None>,,753.1,6.46,30.8,179.5,63.7,83.9,0.04,85.4,55,54.3,-0.5,-0.5,96,10.25,96.9,1.92,0
10/27/17,1:15:17 PM,<None>,,753.2,6.48,29.4,179,63.7,84,0.04,85.4,55,54.3,-0.5,-0.5,96,10.25,96.9,1.81,0
10/27/17,1:15:47 PM,<None>,,753.2,6.5,28.2,178.5,63.8,84,0.04,85.4,55,54.3,-0.5,-0.5,96,10.25,96.9,1.62,0
10/27/17,1:16:17 PM,<None>,,753.2,6.52,27.3,178.1,63.8,84,0.04,85.4,55,54.4,-0.5,-0.5,96.1,10.25,97,1.7,0
10/27/17,1:16:47 PM,<None>,,753.2,6.53,26.6,177.7,63.9,84,0.04,85.4,55,54.4,-0.5,-0.5,96.1,10.24,97,1.58,0
10/27/17,1:17:17 PM,<None>,,753.1,6.54,26,177.4,63.9,84,0.04,85.4,55,54.5,-0.5,-0.5,96.1,10.24,97,1.62,0
10/27/17,1:17:47 PM,<None>,,753.1,6.55,25.4,177.1,64,84,0.04,85.4,55,54.6,-0.5,-0.5,96.1,10.24,97,1.54,0
10/27/17,1:18:17 PM,<None>,,753.1,6.56,24.9,176.9,64.1,84,0.04,85.5,55,54.6,-0.5,-0.5,96.2,10.23,97.1,1.53,0
10/27/17,1:18:47 PM,<None>,,753.1,6.57,24.5,176.7,64.2,84.1,0.04,85.5,55,54.7,-0.5,-0.5,96.2,10.23,97.1,1.46,0
10/27/17,1:19:17 PM,<None>,,753,6.57,24.5,176.4,64.2,84.1,0.04,85.5,55,54.8,-0.5,-0.5,96.5,10.25,97.4,1.87,0
10/27/17,1:19:47 PM,<None>,,752.7,6.57,24.2,175.4,64.3,84,0.04,85.4,55,54.9,-0.6,-0.6,96.7,10.26,97.7,1.97,0
10/27/17,1:20:17 PM,<None>,,752.7,6.58,23.5,175.2,64.3,84,0.04,85.4,55,54.9,-0.6,-0.6,96.7,10.25,97.6,1.96,0
10/27/17,1:20:47 PM,<None>,,752.7,6.6,22.8,175.3,64.3,84.1,0.04,85.5,55,54.9,-0.6,-0.6,96.7,10.25,97.6,1.66,0
10/27/17,1:21:17 PM,<None>,,753,6.61,22.2,175.4,64.4,84.1,0.04,85.5,55,54.9,-0.6,-0.6,96.7,10.25,97.6,1.66,0
10/27/17,1:21:47 PM,<None>,,752.8,6.61,21.7,175.4,64.5,84.1,0.04,85.6,55,55,-0.6,-0.6,96.8,10.25,97.7,1.42,0
10/27/17,1:22:17 PM,<None>,,752.7,6.62,21.3,175.5,64.5,84.2,0.04,85.6,55,55,-0.6,-0.6,96.9,10.26,97.9,1.4,0
10/27/17,1:22:47 PM,<None>,,751.3,6.63,21.1,175.3,64.5,84,0.04,85.5,55,55.1,-0.6,-0.6,96.9,10.25,98.1,1.89,0
10/27/17,1:23:17 PM,<None>,,750.7,6.63,20.8,175.1,64.6,84.1,0.04,85.6,55,55.1,-0.6,-0.6,96.9,10.24,98.1,1.63,0
10/27/17,1:23:47 PM,<None>,,750,6.64,20.5,175.1,64.6,84.2,0.04,85.6,55,55.1,-0.6,-0.6,96.9,10.25,98.2,1.58,0
10/27/17,1:24:17 PM,<None>,,750.1,6.64,20.2,175.2,64.7,84.2,0.04,85.6,55,55.1,-0.6,-0.6,96.9,10.24,98.2,1.5,0
10/27/17,1:24:47 PM,<None>,,748.5,6.65,20,175.2,64.7,84.2,0.04,85.6,55,55.2,-0.6,-0.6,97,10.24,98.5,1.74,0
10/27/17,1:25:17 PM,<None>,,747.1,6.65,19.7,175.2,64.8,84.2,0.04,85.6,55,55.3,-0.6,-0.6,97.1,10.24,98.7,1.66,0
10/27/17,1:25:47 PM,<None>,,747.9,6.65,19.6,175.3,64.8,84.2,0.04,85.6,55,55.3,-0.6,-0.6,97.1,10.24,98.7,1.6,0
10/27/17,1:26:17 PM,<None>,,749.8,6.65,19.5,175.4,64.9,84.2,0.04,85.6,55,55.4,-0.6,-0.6,97.1,10.24,98.5,1.63,0
10/27/17,1:26:47 PM,<None>,,750.1,6.66,19.4,175.5,64.9,84.2,0.04,85.6,55,55.4,-0.6,-0.6,97.2,10.23,98.4,1.69,0
10/27/17,1:27:17 PM,<None>,,750.2,6.66,19.3,175.3,65,84.2,0.04,85.6,55,55.5,-0.6,-0.6,97.3,10.24,98.5,1.66,0
10/27/17,1:27:47 PM,<None>,,749.8,6.66,19.2,175.4,65,84.2,0.04,85.6,55,55.5,-0.6,-0.6,97.3,10.24,98.6,1.61,0
10/27/17,1:28:17 PM,<None>,,747.3,6.66,19.1,175.5,65.1,84.2,0.04,85.6,55,55.6,-0.6,-0.6,97.3,10.23,99,1.64,0
10/27/17,1:28:47 PM,<None>,,745.9,6.66,19.1,175.7,65.1,84.2,0.04,85.6,55,55.7,-0.6,-0.6,97.3,10.22,99.1,1.56,0
10/27/17,1:29:17 PM,<None>,,745.9,6.66,19,175.8,65.2,84.2,0.04,85.6,55,55.7,-0.6,-0.6,97.4,10.22,99.2,1.52,0
10/27/17,1:29:47 PM,<None>,,746.9,6.66,18.9,176.1,65.3,84.3,0.04,85.7,55,55.8,-0.6,-0.6,97.4,10.22,99.1,1.67,0
10/27/17,1:30:17 PM,<None>,,745.8,6.66,18.9,176.3,65.3,84.2,0.04,85.6,55,55.8,-0.6,-0.6,97.4,10.21,99.3,1.55,0
10/27/17,1:30:47 PM,<None>,,745.9,6.66,18.9,176.5,65.4,84.3,0.04,85.7,55,55.8,-0.6,-0.6,97.5,10.21,99.3,1.51,0
10/27/17,1:31:17 PM,<None>,,747.1,6.66,18.9,176.6,65.4,84.3,0.04,85.7,55,55.9,-0.6,-0.6,97.5,10.21,99.2,1.56,0
10/27/17,1:31:47 PM,<None>,,747.1,6.67,18.9,176.8,65.5,84.3,0.04,85.7,55,56,-0.6,-0.6,97.5,10.2,99.2,1.54,0
10/27/17,1:32:17 PM,<None>,,746.6,6.67,18.8,177,65.5,84.3,0.04,85.7,55,56,-0.6,-0.6,97.5,10.2,99.3,1.63,0
10/27/17,1:32:47 PM,<None>,,747.4,6.67,18.8,177.2,65.6,84.3,0.04,85.7,55,56,-0.6,-0.6,97.6,10.2,99.2,1.58,0
10/27/17,1:33:17 PM,<None>,,749.7,6.67,18.7,177.5,65.6,84.3,0.04,85.7,55,56.1,-0.6,-0.6,97.6,10.19,98.9,1.6,0
10/27/17,1:33:47 PM,<None>,,751.4,6.67,18.6,177.7,65.7,84.3,0.04,85.7,55,56.1,-0.6,-0.6,97.6,10.19,98.8,1.91,0
10/27/17,1:34:17 PM,<None>,,749.7,6.67,18.6,178,65.7,84.4,0.04,85.7,55,56.2,-0.6,-0.6,97.7,10.19,99,1.5,0
10/27/17,1:34:47 PM,<None>,,747.1,6.67,18.5,178.2,65.8,84.4,0.04,85.8,55,56.2,-0.6,-0.6,97.7,10.19,99.4,1.58,0
10/27/17,1:35:17 PM,<None>,,746.8,6.67,18.5,178.2,65.8,84.4,0.04,85.8,55,56.2,-0.6,-0.6,97.8,10.19,99.5,1.48,0
10/27/17,1:35:47 PM,<None>,,749.2,6.67,18.5,178.3,65.8,84.4,0.04,85.8,55,56.3,-0.7,-0.7,97.8,10.19,99.2,1.67,0
10/27/17,1:36:17 PM,<None>,,749.8,6.67,18.4,178.5,65.9,84.4,0.04,85.8,55,56.3,-0.7,-0.7,97.8,10.18,99.1,1.54,0
10/27/17,1:36:47 PM,<None>,,750.4,6.68,18.3,178.7,65.9,84.4,0.04,85.8,55,56.4,-0.7,-0.7,97.8,10.18,99,1.44,0
10/27/17,1:37:17 PM,<None>,,750.5,6.68,18.3,178.9,66,84.4,0.04,85.8,55,56.4,-0.7,-0.7,97.8,10.17,99,1.6,0
10/27/17,1:37:47 PM,<None>,,750.3,6.68,18.2,179,66,84.4,0.04,85.8,55,56.5,-0.7,-0.7,97.8,10.17,99.1,1.58,0
10/27/17,1:38:17 PM,<None>,,751.1,6.68,18.2,179.2,66.1,84.4,0.04,85.8,55,56.5,-0.7,-0.7,97.9,10.17,99,1.54,0
10/27/17,1:38:47 PM,<None>,,751.1,6.68,18.2,179.3,66.1,84.5,0.04,85.8,55,56.5,-0.7,-0.7,97.9,10.17,99,1.52,0
10/27/17,1:39:17 PM,<None>,,749.7,6.68,18.1,179.4,66.1,84.5,0.04,85.8,55,56.6,-0.7,-0.7,97.9,10.16,99.2,1.53,0
10/27/17,1:39:47 PM,<None>,,751.9,6.68,18.1,179.5,66.2,84.5,0.04,85.8,55,56.6,-0.7,-0.7,97.9,10.16,98.9,1.54,0
10/27/17,1:40:17 PM,<None>,,755.6,6.68,18.1,179.6,66.2,84.5,0.04,85.9,55,56.6,-0.7,-0.7,97.9,10.16,98.5,1.64,0
10/27/17,1:40:47 PM,<None>,,755.4,6.68,18.1,179.8,66.3,84.5,0.04,85.9,55,56.7,-0.7,-0.7,97.9,10.15,98.5,1.5,0
10/27/17,1:41:17 PM,<None>,,753.8,6.68,18.1,180,66.3,84.5,0.04,85.9,55,56.7,-0.7,-0.7,97.9,10.15,98.7,1.57,0
10/27/17,1:41:47 PM,<None>,,753.8,6.68,18.1,180.2,66.3,84.5,0.04,85.9,55,56.8,-0.7,-0.7,97.9,10.15,98.7,1.6,0
10/27/17,1:42:17 PM,<None>,,755.9,6.68,18.1,180.5,66.4,84.5,0.04,85.9,55,56.8,-0.7,-0.7,97.9,10.14,98.5,1.62,0
10/27/17,1:42:47 PM,<None>,,756,6.68,18,180.7,66.4,84.5,0.04,85.9,55,56.8,-0.7,-0.7,98,10.14,98.5,1.58,0
10/27/17,1:43:17 PM,<None>,,758,6.68,18,180.9,66.5,84.5,0.04,85.9,55,56.9,-0.7,-0.7,98,10.14,98.3,1.48,0
10/27/17,1:43:47 PM,<None>,,758,6.68,17.9,181.1,66.5,84.5,0.04,85.9,55,56.9,-0.7,-0.7,98,10.14,98.3,1.45,0
10/27/17,1:44:17 PM,<None>,,758.3,6.68,17.9,181.2,66.5,84.5,0.04,85.9,55,56.9,-0.7,-0.7,98,10.14,98.3,1.57,0
10/27/17,1:44:47 PM,<None>,,758.1,6.68,18,181.1,66.5,84.5,0.04,85.9,55,56.9,-0.7,-0.7,98.1,10.14,98.3,1.76,0
10/27/17,1:45:17 PM,<None>,,757.3,6.68,18.1,181.3,66.6,84.5,0.04,85.9,55,57,-0.7,-0.7,98.1,10.13,98.4,1.58,0
10/27/17,1:45:47 PM,<None>,,757.4,6.68,18,181.5,66.6,84.6,0.04,85.9,55,57,-0.7,-0.7,98.1,10.13,98.5,1.55,0
10/27/17,1:46:17 PM,<None>,,759.4,6.68,18,181.7,66.7,84.6,0.04,85.9,55,57.1,-0.7,-0.7,98.1,10.13,98.2,1.51,0
10/27/17,1:46:47 PM,<None>,,759.7,6.68,18,181.8,66.7,84.5,0.04,85.9,55,57.1,-0.7,-0.7,98.1,10.13,98.2,1.54,0
10/27/17,1:47:17 PM,<None>,,760.2,6.68,17.9,181.9,66.7,84.6,0.04,85.9,55,57.1,-0.7,-0.7,98.2,10.13,98.2,1.62,0
10/27/17,1:47:47 PM,<None>,,760.2,6.68,18,182.1,66.8,84.6,0.04,85.9,55,57.1,-0.7,-0.7,98.2,10.12,98.2,1.48,0
10/27/17,1:48:17 PM,<None>,,760.4,6.68,18,182.3,66.8,84.6,0.04,85.9,55,57.2,-0.7,-0.7,98.2,10.12,98.2,1.52,0
10/27/17,1:48:47 PM,<None>,,759.8,6.68,18.1,182.3,66.8,84.6,0.04,85.9,55,57.2,-0.7,-0.7,98.2,10.12,98.3,1.52,0
10/27/17,1:49:17 PM,<None>,,759.6,6.68,18.1,182.7,66.8,84.7,0.04,86,55,57.1,-0.7,-0.7,98.5,10.16,98.5,1.55,0
10/27/17,1:49:47 PM,<None>,,760.1,6.68,18.2,183.1,66.9,84.8,0.04,86.2,55,57.1,-0.7,-0.7,98.7,10.18,98.7,1.45,0
10/27/17,1:50:17 PM,<None>,,760.1,6.68,18,183.3,66.9,84.7,0.04,86.1,55,57.2,-0.7,-0.7,98.7,10.17,98.7,1.46,0
10/27/17,1:50:47 PM,<None>,,760.1,6.68,18,183.6,66.9,84.7,0.04,86,55,57.3,-0.7,-0.7,98.6,10.15,98.6,1.32,0
10/27/17,1:51:17 PM,<None>,,760.1,6.68,18,184,67,84.6,0.04,86,55,57.3,-0.7,-0.7,98.5,10.14,98.5,1.26,0
10/27/17,1:51:47 PM,<None>,,759.9,6.68,18.1,184.3,67,84.7,0.04,86,55,57.3,-0.7,-0.7,98.7,10.15,98.7,1.35,0
10/27/17,1:52:17 PM,<None>,,759.7,6.68,18.2,184.1,67,84.7,0.04,86.1,55,57.3,-0.7,-0.7,98.9,10.17,98.9,1.37,0
10/27/17,1:52:47 PM,<None>,,760.4,6.68,18.2,183.9,67.1,84.7,0.04,86.1,55,57.4,-0.7,-0.7,98.9,10.17,98.9,1.48,0
10/27/17,1:53:17 PM,<None>,,759.8,6.68,18.2,183.7,67.1,84.8,0.04,86.1,55,57.3,-0.7,-0.7,99,10.18,99,1.41,0
10/27/17,1:53:47 PM,<None>,,759.8,6.68,18.1,184,67.1,84.7,0.04,86,55,57.5,-0.7,-0.7,98.9,10.16,98.9,1.32,0
10/27/17,1:54:17 PM,<None>,,759.5,6.68,18.1,184.4,67.1,84.6,0.04,86,55,57.5,-0.7,-0.7,98.9,10.15,98.9,1.26,0
10/27/17,1:54:47 PM,<None>,,759.5,6.68,18.1,184.9,67.2,84.6,0.04,86,55,57.6,-0.8,-0.8,98.8,10.14,98.9,1.26,0
10/27/17,1:55:17 PM,<None>,,759.8,6.68,18.1,185.3,67.2,84.6,0.04,86,55,57.6,-0.8,-0.8,98.8,10.13,98.8,1.31,0
10/27/17,1:55:47 PM,<None>,,759.8,6.68,18.1,185.7,67.2,84.6,0.04,85.9,55,57.7,-0.8,-0.8,98.8,10.12,98.8,1.24,0
10/27/17,1:56:17 PM,<None>,,760.1,6.68,18.2,186.1,67.3,84.6,0.04,85.9,55,57.7,-0.8,-0.8,98.8,10.12,98.8,1.37,0
10/27/17,1:56:47 PM,<None>,,760.4,6.68,18.1,186.1,67.3,84.7,0.04,86,55,57.7,-0.8,-0.8,98.9,10.13,98.9,1.28,0
10/27/17,1:57:17 PM,<None>,,760.4,6.68,18.3,185.9,67.3,84.7,0.04,86.1,55,57.7,-0.8,-0.8,99.1,10.15,99,1.37,0
10/27/17,1:57:47 PM,<None>,,760.4,6.68,18.3,186.1,67.4,84.7,0.04,86,55,57.8,-0.8,-0.8,99,10.13,99,1.35,0
10/27/17,1:58:17 PM,<None>,,760.4,6.68,18.3,186.2,67.4,84.6,0.04,86,55,57.8,-0.8,-0.8,99,10.13,98.9,1.3,0
10/27/17,1:58:47 PM,<None>,,760.4,6.68,18.3,186.5,67.4,84.6,0.04,86,55,57.8,-0.8,-0.8,99,10.12,98.9,1.32,0
10/27/17,1:59:17 PM,<None>,,760.4,6.68,18.4,186.9,67.5,84.6,0.04,86,55,57.9,-0.8,-0.8,99,10.11,98.9,1.22,0
10/27/17,1:59:47 PM,<None>,,760.4,6.68,18.4,187.1,67.5,84.6,0.04,85.9,55,57.9,-0.8,-0.8,99,10.11,98.9,1.22,0
10/27/17,2:00:17 PM,<None>,,760.3,6.68,18.4,187.4,67.5,84.6,0.04,85.9,55,58,-0.8,-0.8,99,10.11,98.9,1.25,0
10/27/17,2:00:47 PM,<None>,,760.4,6.67,18.5,187.6,67.5,84.6,0.04,85.9,55,58,-0.8,-0.8,98.9,10.09,98.8,1.35,0
10/27/17,2:01:17 PM,<None>,,760.4,6.67,18.8,187.2,67.5,84.6,0.04,86,55,58,-0.8,-0.8,98.6,10.07,98.6,1.31,0
10/27/17,2:01:47 PM,<None>,,760.4,6.67,18.7,187.2,67.6,84.7,0.04,86,55,57.9,-0.8,-0.8,98.9,10.1,98.8,1.38,0
10/27/17,2:02:17 PM,<None>,,760.4,6.67,18.5,187.5,67.6,84.7,0.04,86,55,58,-0.8,-0.8,99,10.1,98.9,1.3,0
10/27/17,2:02:47 PM,<None>,,760.4,6.68,18.4,187.7,67.6,84.7,0.04,86,55,58,-0.8,-0.8,99,10.1,98.9,1.32,0
10/27/17,2:03:17 PM,<None>,,760.4,6.67,18.4,187.8,67.6,84.9,0.04,86.3,55,57.8,-0.8,-0.8,99.3,10.15,99.2,1.34,0
10/27/17,2:03:47 PM,<None>,,760.4,6.67,18.9,187.3,67.7,84.8,0.04,86.2,55,58,-0.8,-0.8,98.9,10.09,98.8,1.55,0
10/27/17,2:04:17 PM,<None>,,760.3,6.66,19.1,186.9,67.8,84.9,0.04,86.2,55,58,-0.8,-0.8,99.1,10.12,99.1,1.37,0
10/27/17,2:04:47 PM,<None>,,760.3,6.67,18.7,186.9,67.8,84.8,0.04,86.1,55,58,-0.8,-0.8,99,10.1,99,1.48,0
10/27/17,2:05:17 PM,<None>,,760.4,6.67,18.5,187.1,67.8,84.8,0.04,86.1,55,58.1,-0.8,-0.8,99,10.09,98.9,1.35,0
10/27/17,2:05:47 PM,<None>,,760.3,6.68,18.3,187,67.8,84.8,0.04,86.1,55,58.1,-0.8,-0.8,99.1,10.11,99.1,1.39,0
10/27/17,2:06:17 PM,<None>,,760,6.68,18.2,187.1,67.7,84.7,0.04,86,55,58.1,-0.8,-0.8,99.1,10.1,99.1,1.36,0
10/27/17,2:06:47 PM,<None>,,759.9,6.67,18.5,187,67.7,84.8,0.04,86.1,55,58,-0.8,-0.8,99.4,10.14,99.4,1.36,0
10/27/17,2:07:17 PM,<None>,,760,6.68,18.4,187.1,67.8,84.8,0.04,86.1,55,58.1,-0.8,-0.8,99.3,10.11,99.3,1.33,0
10/27/17,2:07:47 PM,<None>,,759.9,6.68,18.2,187.2,67.8,84.8,0.04,86.1,55,58.2,-0.8,-0.8,99.2,10.1,99.2,1.38,0
10/27/17,2:08:17 PM,<None>,,760,6.68,18.1,187.5,67.9,84.7,0.04,86,55,58.2,-0.8,-0.8,99.1,10.08,99.1,1.42,0
10/27/17,2:08:47 PM,<None>,,760,6.68,18,187.8,67.9,84.7,0.04,86,55,58.3,-0.8,-0.8,99.1,10.07,99.1,1.34,0
10/27/17,2:09:17 PM,<None>,,760.1,6.68,18,188.1,67.9,84.7,0.04,86,55,58.4,-0.8,-0.8,99,10.06,99,1.33,0
10/27/17,2:09:47 PM,<None>,,760,6.68,18,188.4,68,84.7,0.04,86,55,58.4,-0.8,-0.8,99,10.06,99.1,1.52,0
10/27/17,2:10:17 PM,<None>,,760,6.68,18,188.5,68,84.7,0.04,86,55,58.5,-0.8,-0.8,99,10.05,99,1.53,0
10/27/17,2:10:47 PM,<None>,,760.1,6.68,18,188.6,68.1,84.7,0.04,86,55,58.5,-0.8,-0.8,99,10.04,99,1.48,0
10/27/17,2:11:17 PM,<None>,,760,6.68,18,188.7,68.1,84.6,0.04,85.9,55,58.6,-0.8,-0.8,99.1,10.04,99.1,1.51,0
10/27/17,2:11:47 PM,<None>,,760.1,6.68,18.1,188.7,68.1,84.6,0.04,85.9,55,58.6,-0.8,-0.8,99.1,10.03,99.1,1.38,0
10/27/17,2:12:17 PM,<None>,,760.1,6.68,18.1,188.8,68.2,84.6,0.04,85.9,55,58.7,-0.8,-0.8,99.1,10.03,99.1,1.36,0
10/27/17,2:12:47 PM,<None>,,760.1,6.68,18.1,188.9,68.2,84.6,0.04,85.9,55,58.7,-0.8,-0.8,99.2,10.03,99.2,1.32,0
10/27/17,2:13:17 PM,<None>,,759.9,6.68,18.1,189,68.3,84.6,0.04,85.9,55,58.8,-0.9,-0.9,99.2,10.03,99.3,1.4,0
10/27/17,2:13:47 PM,<None>,,760,6.68,18.1,189,68.3,84.6,0.04,85.9,55,58.9,-0.9,-0.9,99.3,10.02,99.3,1.39,0
10/27/17,2:14:17 PM,<None>,,760,6.68,18.1,189.1,68.4,84.6,0.04,85.9,55,58.9,-0.9,-0.9,99.3,10.02,99.3,1.34,0
10/27/17,2:14:47 PM,<None>,,760,6.68,18.1,189.1,68.5,84.6,0.04,85.9,55,59,-0.9,-0.9,99.3,10.02,99.3,1.39,0
10/27/17,2:15:17 PM,<None>,,759.9,6.68,18.1,189.2,68.5,84.6,0.04,85.9,55,59,-0.9,-0.9,99.4,10.01,99.4,1.36,0
10/27/17,2:15:47 PM,<None>,,760,6.68,18.1,189.3,68.6,84.7,0.04,85.9,55,59.1,-0.9,-0.9,99.4,10.01,99.4,1.32,0
10/27/17,2:16:17 PM,<None>,,759.9,6.68,18,189.3,68.6,84.7,0.04,85.9,55,59.2,-0.9,-0.9,99.5,10.01,99.5,1.44,0
10/27/17,2:16:47 PM,<None>,,759.9,6.68,18,189.4,68.7,84.7,0.04,85.9,55,59.2,-0.9,-0.9,99.5,10.01,99.5,1.4,0
10/27/17,2:17:17 PM,<None>,,759.9,6.69,17.9,189.5,68.8,84.7,0.04,85.9,55,59.3,-0.9,-0.9,99.6,10,99.6,1.4,0
10/27/17,2:17:47 PM,<None>,,760.1,6.69,17.9,189.6,68.8,84.7,0.04,85.9,55,59.3,-0.9,-0.9,99.6,10,99.6,1.34,0
10/27/17,2:18:17 PM,<None>,,759.9,6.69,17.8,189.7,68.9,84.7,0.04,85.9,55,59.4,-0.9,-0.9,99.7,10,99.7,1.35,0
10/27/17,2:18:47 PM,<None>,,760,6.69,17.8,189.9,68.9,84.7,0.04,86,55,59.5,-0.9,-0.9,99.7,10,99.7,1.42,0
10/27/17,2:19:17 PM,<None>,,759.9,6.69,17.7,190,69,84.7,0.04,86,55,59.5,-0.9,-0.9,99.8,10,99.8,1.44,0
10/27/17,2:19:47 PM,<None>,,760,6.69,17.7,190.1,69.1,84.7,0.04,86,55,59.6,-0.9,-0.9,99.8,9.99,99.8,1.43,0
10/27/17,2:20:17 PM,<None>,,760,6.69,17.6,190.2,69.1,84.7,0.04,86,55,59.6,-0.9,-0.9,99.9,9.99,99.9,1.43,0
10/27/17,2:20:47 PM,<None>,,760,6.69,17.6,190.3,69.2,84.7,0.04,86,55,59.7,-0.9,-0.9,99.9,9.99,99.9,1.4,0
10/27/17,2:21:17 PM,<None>,,760,6.69,17.6,190.5,69.2,84.7,0.04,86,55,59.8,-0.9,-0.9,100,9.99,100,1.34,0
10/27/17,2:21:47 PM,<None>,,760,6.69,17.5,190.6,69.3,84.8,0.04,86,55,59.8,-0.9,-0.9,100,9.98,100,1.3,0
10/27/17,2:22:17 PM,<None>,,760.1,6.69,17.5,190.7,69.4,84.8,0.04,86,55,59.9,-0.9,-0.9,100.1,9.99,100.1,1.23,0
10/27/17,2:22:47 PM,<None>,,760.1,6.69,17.5,190.9,69.4,84.8,0.04,86,55,59.9,-0.9,-0.9,100.1,9.98,100.1,1.27,0
10/27/17,2:23:17 PM,<None>,,760.1,6.69,17.5,191,69.5,84.8,0.04,86,55,60,-1,-1,100.2,9.98,100.2,1.32,0
10/27/17,2:23:47 PM,<None>,,760.1,6.69,17.4,191.1,69.6,84.8,0.04,86.1,55,60.1,-1,-1,100.2,9.98,100.2,1.29,0
10/27/17,2:24:17 PM,<None>,,760,6.69,17.4,191.2,69.6,84.8,0.04,86.1,55,60.1,-1,-1,100.3,9.98,100.3,1.31,0
10/27/17,2:24:47 PM,<None>,,759.9,6.69,17.4,191.4,69.7,84.8,0.04,86.1,55,60.2,-1,-1,100.3,9.97,100.3,1.28,0
10/27/17,2:25:17 PM,<None>,,759.9,6.69,17.4,191.5,69.7,84.8,0.04,86.1,55,60.2,-1,-1,100.4,9.97,100.4,1.38,0
10/27/17,2:25:47 PM,<None>,,759.9,6.7,17.4,191.7,69.8,84.9,0.04,86.1,55,60.3,-1,-1,100.4,9.97,100.4,1.26,0
10/27/17,2:26:17 PM,<None>,,759.9,6.7,17.3,191.8,69.9,84.9,0.04,86.1,55,60.3,-1,-1,100.4,9.96,100.4,1.34,0
10/27/17,2:26:47 PM,<None>,,759.9,6.7,17.3,192,69.9,84.9,0.04,86.1,55,60.4,-1,-1,100.5,9.96,100.5,1.51,0
10/27/17,2:27:17 PM,<None>,,759.9,6.7,17.3,192.2,70,84.9,0.04,86.1,55,60.4,-1,-1,100.5,9.96,100.6,1.42,0
10/27/17,2:27:47 PM,<None>,,759.9,6.7,17.2,192.3,70,84.9,0.04,86.1,55,60.5,-1,-1,100.6,9.96,100.6,1.35,0
10/27/17,2:28:17 PM,<None>,,760,6.7,17.2,192.4,70.1,84.9,0.04,86.1,55,60.6,-1,-1,100.6,9.95,100.6,1.31,0
10/27/17,2:28:47 PM,<None>,,760,6.7,17.2,192.6,70.2,84.9,0.04,86.1,55,60.6,-1,-1,100.6,9.95,100.6,1.33,0
10/27/17,2:29:17 PM,<None>,,759.9,6.7,17.2,192.7,70.2,84.9,0.04,86.1,55,60.7,-1,-1,100.7,9.95,100.7,1.35,0
10/27/17,2:29:47 PM,<None>,,760,6.7,17.2,192.8,70.3,85,0.04,86.2,55,60.7,-1,-1,100.7,9.95,100.7,1.3,0
10/27/17,2:30:17 PM,<None>,,759.8,6.7,17.2,193,70.4,85,0.04,86.2,55,60.8,-1,-1,100.8,9.94,100.8,1.24,0
10/27/17,2:30:47 PM,<None>,,760,6.7,17.2,193.1,70.4,85,0.04,86.2,55,60.9,-1,-1,100.9,9.95,100.9,1.26,0
10/27/17,2:31:17 PM,<None>,,760,6.7,17.1,193.3,70.5,85,0.04,86.2,55,60.9,-1,-1,100.9,9.95,100.9,1.23,0
10/27/17,2:31:47 PM,<None>,,759.9,6.7,17.1,193.4,70.5,85,0.04,86.2,55,61,-1,-1,101,9.94,101,1.29,0
10/27/17,2:32:17 PM,<None>,,759.9,6.7,17.1,193.5,70.6,85,0.04,86.2,55,61.1,-1,-1,101,9.94,101,1.28,0
10/27/17,2:32:47 PM,<None>,,759.9,6.69,17.5,193.5,70.7,85,0.04,86.2,55,61.1,-1.1,-1.1,101.1,9.94,101.1,1.25,0
10/27/17,2:33:17 PM,<None>,,760,6.69,17.7,193.5,70.8,85,0.04,86.2,55,61.2,-1.1,-1.1,101.2,9.94,101.2,1.28,0
10/27/17,2:33:47 PM,<None>,,760.1,6.69,17.4,193.7,70.8,85,0.04,86.2,55,61.2,-1.1,-1.1,101.2,9.94,101.2,1.27,0
10/27/17,2:34:17 PM,<None>,,759.9,6.69,17.4,193.9,70.9,85.1,0.04,86.2,55,61.3,-1.1,-1.1,101.3,9.94,101.3,1.26,0
10/27/17,2:34:47 PM,<None>,,760,6.7,17.3,194,70.9,85.1,0.04,86.2,55,61.4,-1.1,-1.1,101.3,9.94,101.3,1.24,0
10/27/17,2:35:17 PM,<None>,,760,6.7,17.3,194.2,71,85.1,0.04,86.3,55,61.4,-1.1,-1.1,101.4,9.93,101.4,1.31,0
10/27/17,2:35:47 PM,<None>,,760,6.7,17.2,194.3,71.1,85.1,0.04,86.3,55,61.5,-1.1,-1.1,101.4,9.93,101.4,1.29,0
10/27/17,2:36:17 PM,<None>,,759.9,6.7,17.2,194.4,71.1,85.1,0.04,86.3,55,61.5,-1.1,-1.1,101.4,9.93,101.5,1.29,0
10/27/17,2:36:47 PM,<None>,,759.9,6.7,17.1,194.4,71.2,85.1,0.04,86.3,55,61.6,-1.1,-1.1,101.5,9.92,101.5,1.27,0
10/27/17,2:37:17 PM,<None>,,760,6.7,17.1,194.5,71.2,85.1,0.04,86.3,55,61.6,-1.1,-1.1,101.5,9.92,101.5,1.34,0
10/27/17,2:37:47 PM,<None>,,759.9,6.7,17.1,194.5,71.3,85.1,0.04,86.3,55,61.7,-1.1,-1.1,101.6,9.92,101.6,1.34,0
10/27/17,2:38:17 PM,<None>,,760,6.7,17.1,194.5,71.4,85.1,0.04,86.3,55,61.8,-1.1,-1.1,101.7,9.92,101.7,1.35,0
10/27/17,2:38:47 PM,<None>,,760,6.7,17.1,194.6,71.4,85.1,0.04,86.3,55,61.8,-1.1,-1.1,101.7,9.92,101.7,1.3,0
10/27/17,2:39:17 PM,<None>,,760,6.7,17.1,194.7,71.5,85.2,0.04,86.3,55,61.9,-1.1,-1.1,101.7,9.92,101.7,1.3,0
10/27/17,2:39:47 PM,<None>,,760,6.7,17.1,194.7,71.5,85.2,0.04,86.3,55,61.9,-1.1,-1.1,101.7,9.91,101.7,1.25,0
10/27/17,2:40:17 PM,<None>,,760,6.7,17.1,194.8,71.6,85.2,0.04,86.3,55,62,-1.1,-1.1,101.8,9.91,101.8,1.23,0
10/27/17,2:40:47 PM,<None>,,760,6.7,17,194.9,71.6,85.2,0.04,86.3,55,62,-1.1,-1.1,101.8,9.91,101.8,1.34,0
10/27/17,2:41:17 PM,<None>,,759.9,6.7,17,195,71.7,85.2,0.04,86.3,55,62.1,-1.1,-1.1,101.9,9.9,101.9,1.35,0
10/27/17,2:41:47 PM,<None>,,759.9,6.7,17,195.1,71.7,85.2,0.04,86.3,55,62.1,-1.1,-1.1,101.9,9.9,101.9,1.29,0
10/27/17,2:42:17 PM,<None>,,760,6.7,16.9,195.1,71.8,85.2,0.04,86.3,55,62.2,-1.2,-1.2,102,9.9,102,1.24,0
10/27/17,2:42:47 PM,<None>,,760,6.7,16.9,195.2,71.9,85.2,0.04,86.4,55,62.2,-1.2,-1.2,102,9.9,102,1.21,0
10/27/17,2:43:17 PM,<None>,,760,6.7,16.8,195.3,71.9,85.2,0.04,86.3,55,62.3,-1.2,-1.2,102.1,9.9,102.1,1.22,0
10/27/17,2:43:47 PM,<None>,,760,6.71,16.8,195.4,72,85.2,0.04,86.4,55,62.3,-1.2,-1.2,102.1,9.9,102.1,1.2,0
10/27/17,2:44:17 PM,<None>,,759.9,6.71,16.8,195.5,72,85.2,0.04,86.4,55,62.4,-1.2,-1.2,102.1,9.89,102.1,1.2,0